id_subsls,kd_prov,kd_kab,kd_kec,kd_desa,kd_sls,nama_prov,nama_kab,nama_kec,nama_desa,nama_sls,kd_pos
7103090008000500,71,03,090,008,0005,SULAWESI UTARA,KEPULAUAN SANGIHE,TAHUNA,APENG SEMBEKA,RT 05 LINGKUNGAN 3,95811
7103100013000100,71,03,100,013,0001,SULAWESI UTARA,KEPULAUAN SANGIHE,TABUKAN UTARA,BAHU,LINDONGAN 01,95856
7103090008000200,71,03,090,008,0002,SULAWESI UTARA,KEPULAUAN SANGIHE,TAHUNA,APENG SEMBEKA,RT 02 LINGKUNGAN 1,95811
7103092006000100,71,03,092,006,0001,SULAWESI UTARA,KEPULAUAN SANGIHE,TAHUNA BARAT,BEHA BARU,RT 01 LINGKUNGAN I,95815
7103100013000400,71,03,100,013,0004,SULAWESI UTARA,KEPULAUAN SANGIHE,TABUKAN UTARA,BAHU,LINDONGAN 04,95856
7103060017000300,71,03,060,017,0003,SULAWESI UTARA,KEPULAUAN SANGIHE,TABUKAN SELATAN,BUKIDE,LINDONGAN 3,95858
7103050009000200,71,03,050,009,0002,SULAWESI UTARA,KEPULAUAN SANGIHE,TAMAKO,BALANE,LINDONGAN 02,95855
7103100013000300,71,03,100,013,0003,SULAWESI UTARA,KEPULAUAN SANGIHE,TABUKAN UTARA,BAHU,LINDONGAN 03,95856
7103070004000300,71,03,070,004,0003,SULAWESI UTARA,KEPULAUAN SANGIHE,TABUKAN TENGAH,BIRA,LINDONGAN 03,95857
7103100013000200,71,03,100,013,0002,SULAWESI UTARA,KEPULAUAN SANGIHE,TABUKAN UTARA,BAHU,LINDONGAN 02,95856
7103070004000200,71,03,070,004,0002,SULAWESI UTARA,KEPULAUAN SANGIHE,TABUKAN TENGAH,BIRA,LINDONGAN 02,95857
7103090008000100,71,03,090,008,0001,SULAWESI UTARA,KEPULAUAN SANGIHE,TAHUNA,APENG SEMBEKA,RT 01 LINGKUNGAN 1,95811
7103100010000202,71,03,100,010,0002,SULAWESI UTARA,KEPULAUAN SANGIHE,TABUKAN UTARA,BEHA,LINDONGAN 02,95856
7103050009000100,71,03,050,009,0001,SULAWESI UTARA,KEPULAUAN SANGIHE,TAMAKO,BALANE,LINDONGAN 01,95855
7103050009000300,71,03,050,009,0003,SULAWESI UTARA,KEPULAUAN SANGIHE,TAMAKO,BALANE,LINDONGAN 03,95855
7103070004000100,71,03,070,004,0001,SULAWESI UTARA,KEPULAUAN SANGIHE,TABUKAN TENGAH,BIRA,LINDONGAN 01,95857
7103070010000200,71,03,070,010,0002,SULAWESI UTARA,KEPULAUAN SANGIHE,TABUKAN TENGAH,BIRU,LINDONGAN 2,95857
7103092005000900,71,03,092,005,0009,SULAWESI UTARA,KEPULAUAN SANGIHE,TAHUNA BARAT,BEHA BARU,RT 09 LINGKUNGAN III,95815
7103110003000200,71,03,110,003,0002,SULAWESI UTARA,KEPULAUAN SANGIHE,KENDAHE,TALAWID,LINDONGAN 02,95852
7103110003000300,71,03,110,003,0003,SULAWESI UTARA,KEPULAUAN SANGIHE,KENDAHE,TALAWID,LINDONGAN 03,95852
7103040006000200,71,03,040,006,0002,SULAWESI UTARA,KEPULAUAN SANGIHE,MANGANITU SELATAN,BATUNDERANG,LINDONGAN 2,95854
7103100010000300,71,03,100,010,0003,SULAWESI UTARA,KEPULAUAN SANGIHE,TABUKAN UTARA,BEHA,LINDONGAN 03,95856
7103040006000100,71,03,040,006,0001,SULAWESI UTARA,KEPULAUAN SANGIHE,MANGANITU SELATAN,BATUNDERANG,LINDONGAN 1,95854
7103050003000100,71,03,050,003,0001,SULAWESI UTARA,KEPULAUAN SANGIHE,TAMAKO,BEBU,LINDONGAN 01,95855
7103060009000200,71,03,060,009,0002,SULAWESI UTARA,KEPULAUAN SANGIHE,TABUKAN SELATAN,BIRAHI,LINDONGAN 2,95858
7103061002000200,71,03,061,002,0002,SULAWESI UTARA,KEPULAUAN SANGIHE,TABUKAN SELATAN TENGAH,TAMBUNG,LINDONGAN 02,95859
7103080015000300,71,03,080,015,0003,SULAWESI UTARA,KEPULAUAN SANGIHE,MANGANITU,BAKALAENG,LINDONGAN 03,95853
7103061001000100,71,03,061,001,0001,SULAWESI UTARA,KEPULAUAN SANGIHE,TABUKAN SELATAN TENGAH,LEHUPU,LINDONGAN 01,95859
7103091002000200,71,03,091,002,0002,SULAWESI UTARA,KEPULAUAN SANGIHE,TAHUNA TIMUR,BATULEWEHE,RT 02 LINGKUNGAN 1,95814
7103101004200200,71,03,101,004,2002,SULAWESI UTARA,KEPULAUAN SANGIHE,NUSA TABUKAN,BUKIDE TIMUR,PULAU BARONTOHE,95842
7103101001000200,71,03,101,001,0002,SULAWESI UTARA,KEPULAUAN SANGIHE,NUSA TABUKAN,NUSA,LINDONGAN 02,95842
7103070010000400,71,03,070,010,0004,SULAWESI UTARA,KEPULAUAN SANGIHE,TABUKAN TENGAH,BIRU,LINDONGAN 4,95857
7103061001200100,71,03,061,001,2001,SULAWESI UTARA,KEPULAUAN SANGIHE,TABUKAN SELATAN TENGAH,LEHUPU,PULAU DANE,95859
7103080015000200,71,03,080,015,0002,SULAWESI UTARA,KEPULAUAN SANGIHE,MANGANITU,BAKALAENG,LINDONGAN 02,95853
7103080015000100,71,03,080,015,0001,SULAWESI UTARA,KEPULAUAN SANGIHE,MANGANITU,BAKALAENG,LINDONGAN 01,95853
7103090008000800,71,03,090,008,0008,SULAWESI UTARA,KEPULAUAN SANGIHE,TAHUNA,APENG SEMBEKA,RT 08 LINGKUNGAN 4,95811
7103091002000300,71,03,091,002,0003,SULAWESI UTARA,KEPULAUAN SANGIHE,TAHUNA TIMUR,BATULEWEHE,RT 03 LINGKUNGAN 2,95814
7103090008000600,71,03,090,008,0006,SULAWESI UTARA,KEPULAUAN SANGIHE,TAHUNA,APENG SEMBEKA,RT 06 LINGKUNGAN 3,95811
7103070010000300,71,03,070,010,0003,SULAWESI UTARA,KEPULAUAN SANGIHE,TABUKAN TENGAH,BIRU,LINDONGAN 3,95857
7103100010000400,71,03,100,010,0004,SULAWESI UTARA,KEPULAUAN SANGIHE,TABUKAN UTARA,BEHA,LINDONGAN 04,95856
7103100010000100,71,03,100,010,0001,SULAWESI UTARA,KEPULAUAN SANGIHE,TABUKAN UTARA,BEHA,LINDONGAN 01,95856
7103090008000400,71,03,090,008,0004,SULAWESI UTARA,KEPULAUAN SANGIHE,TAHUNA,APENG SEMBEKA,RT 04 LINGKUNGAN 2,95811
7103100010000201,71,03,100,010,0002,SULAWESI UTARA,KEPULAUAN SANGIHE,TABUKAN UTARA,BEHA,LINDONGAN 02,95856
7103070010000100,71,03,070,010,0001,SULAWESI UTARA,KEPULAUAN SANGIHE,TABUKAN TENGAH,BIRU,LINDONGAN 1,95857
7103062002000300,71,03,062,002,0003,SULAWESI UTARA,KEPULAUAN SANGIHE,TABUKAN SELATAN TENGGARA,BASAUH,LINDONGAN 03,95850
7103080011000400,71,03,080,011,0004,SULAWESI UTARA,KEPULAUAN SANGIHE,MANGANITU,BARANGKA,LINDONGAN 04,95853
7103080011000500,71,03,080,011,0005,SULAWESI UTARA,KEPULAUAN SANGIHE,MANGANITU,BARANGKA,LINDONGAN 05,95853
7103090008000300,71,03,090,008,0003,SULAWESI UTARA,KEPULAUAN SANGIHE,TAHUNA,APENG SEMBEKA,RT 03 LINGKUNGAN 2,95811
7103091002000100,71,03,091,002,0001,SULAWESI UTARA,KEPULAUAN SANGIHE,TAHUNA TIMUR,BATULEWEHE,RT 01 LINGKUNGAN 1,95814
7103080011000200,71,03,080,011,0002,SULAWESI UTARA,KEPULAUAN SANGIHE,MANGANITU,BARANGKA,LINDONGAN 02,95853
7103062002000100,71,03,062,002,0001,SULAWESI UTARA,KEPULAUAN SANGIHE,TABUKAN SELATAN TENGGARA,BASAUH,LINDONGAN 01,95850
7103040006000300,71,03,040,006,0003,SULAWESI UTARA,KEPULAUAN SANGIHE,MANGANITU SELATAN,BATUNDERANG,LINDONGAN 3,95854
7103100006000100,71,03,100,006,0001,SULAWESI UTARA,KEPULAUAN SANGIHE,TABUKAN UTARA,BENGKETANG,LINDONGAN 01,95856
7103080011000100,71,03,080,011,0001,SULAWESI UTARA,KEPULAUAN SANGIHE,MANGANITU,BARANGKA,LINDONGAN 01,95853
7103040005000200,71,03,040,005,0002,SULAWESI UTARA,KEPULAUAN SANGIHE,MANGANITU SELATAN,BEBALANG,LINDONGAN 002,95854
7103100006000200,71,03,100,006,0002,SULAWESI UTARA,KEPULAUAN SANGIHE,TABUKAN UTARA,BENGKETANG,LINDONGAN 02,95856
7103100006000400,71,03,100,006,0004,SULAWESI UTARA,KEPULAUAN SANGIHE,TABUKAN UTARA,BENGKETANG,LINDONGAN 04,95856
7103100006000500,71,03,100,006,0005,SULAWESI UTARA,KEPULAUAN SANGIHE,TABUKAN UTARA,BENGKETANG,LINDONGAN 05,95856
7103070001000100,71,03,070,001,0001,SULAWESI UTARA,KEPULAUAN SANGIHE,TABUKAN TENGAH,BOWONGKALI,LINDONGAN 01,95857
7103091002000400,71,03,091,002,0004,SULAWESI UTARA,KEPULAUAN SANGIHE,TAHUNA TIMUR,BATULEWEHE,RT 04 LINGKUNGAN 2,95814
7103061003000300,71,03,061,003,0003,SULAWESI UTARA,KEPULAUAN SANGIHE,TABUKAN SELATAN TENGAH,BEENG,LINDONGAN 03,95859
7103061008000300,71,03,061,008,0003,SULAWESI UTARA,KEPULAUAN SANGIHE,TABUKAN SELATAN TENGAH,TENDA,LINDONGAN 03,95859
7103062002000200,71,03,062,002,0002,SULAWESI UTARA,KEPULAUAN SANGIHE,TABUKAN SELATAN TENGGARA,BASAUH,LINDONGAN 02,95850
7103062002000400,71,03,062,002,0004,SULAWESI UTARA,KEPULAUAN SANGIHE,TABUKAN SELATAN TENGGARA,BASAUH,LINDONGAN 04,95850
7103092003000100,71,03,092,003,0001,SULAWESI UTARA,KEPULAUAN SANGIHE,TAHUNA BARAT,MITUNG,RT 01 LINGKUNGAN I,95817
7103060008000100,71,03,060,008,0001,SULAWESI UTARA,KEPULAUAN SANGIHE,TABUKAN SELATAN,MALAMENGGU,LINDONGAN 1,95858
7103060008000200,71,03,060,008,0002,SULAWESI UTARA,KEPULAUAN SANGIHE,TABUKAN SELATAN,MALAMENGGU,LINDONGAN 2,95858
7103091005001100,71,03,091,005,0011,SULAWESI UTARA,KEPULAUAN SANGIHE,TAHUNA TIMUR,DUMUHUNG,RT 11 LINGKUNGAN 4,95816
7103050003000300,71,03,050,003,0003,SULAWESI UTARA,KEPULAUAN SANGIHE,TAMAKO,BEBU,LINDONGAN 03,95855
7103060018000200,71,03,060,018,0002,SULAWESI UTARA,KEPULAUAN SANGIHE,TABUKAN SELATAN,LAOTONGAN,LINDONGAN 2,95858
7103070001000400,71,03,070,001,0004,SULAWESI UTARA,KEPULAUAN SANGIHE,TABUKAN TENGAH,BOWONGKALI,LINDONGAN 04,95857
7103091005000600,71,03,091,005,0006,SULAWESI UTARA,KEPULAUAN SANGIHE,TAHUNA TIMUR,DUMUHUNG,RT 06 LINGKUNGAN 2,95816
7103102001000100,71,03,102,001,0001,SULAWESI UTARA,KEPULAUAN SANGIHE,KEPULAUAN MARORE,KAWIO,LINDONGAN 1,95841
7103110002000200,71,03,110,002,0002,SULAWESI UTARA,KEPULAUAN SANGIHE,KENDAHE,KENDAHE SATU,LINDONGAN 02,95852
7103041005000100,71,03,041,005,0001,SULAWESI UTARA,KEPULAUAN SANGIHE,TATOARENG,DALAKO BEMBANAHE,LINDONGAN 1,95851
7103060016000100,71,03,060,016,0001,SULAWESI UTARA,KEPULAUAN SANGIHE,TABUKAN SELATAN,SIMUENG,LINDONGAN 1,95858
7103100006000300,71,03,100,006,0003,SULAWESI UTARA,KEPULAUAN SANGIHE,TABUKAN UTARA,BENGKETANG,LINDONGAN 03,95856
7103080011000300,71,03,080,011,0003,SULAWESI UTARA,KEPULAUAN SANGIHE,MANGANITU,BARANGKA,LINDONGAN 03,95853
7103050003000200,71,03,050,003,0002,SULAWESI UTARA,KEPULAUAN SANGIHE,TAMAKO,BEBU,LINDONGAN 02,95855
7103090008000700,71,03,090,008,0007,SULAWESI UTARA,KEPULAUAN SANGIHE,TAHUNA,APENG SEMBEKA,RT 07 LINGKUNGAN 3,95811
7103091005001000,71,03,091,005,0010,SULAWESI UTARA,KEPULAUAN SANGIHE,TAHUNA TIMUR,DUMUHUNG,RT 10 LINGKUNGAN 4,95816
7103050010000200,71,03,050,010,0002,SULAWESI UTARA,KEPULAUAN SANGIHE,TAMAKO,BINALA,LINDONGAN 02,95855
7103101001000100,71,03,101,001,0001,SULAWESI UTARA,KEPULAUAN SANGIHE,NUSA TABUKAN,NUSA,LINDONGAN 01,95842
7103110004000100,71,03,110,004,0001,SULAWESI UTARA,KEPULAUAN SANGIHE,KENDAHE,TARIANGLAMA,LINDONGAN 01,95852
7103050010000300,71,03,050,010,0003,SULAWESI UTARA,KEPULAUAN SANGIHE,TAMAKO,BINALA,LINDONGAN 03,95855
7103041002000100,71,03,041,002,0001,SULAWESI UTARA,KEPULAUAN SANGIHE,TATOARENG,MAHENGETANG,LINDONGAN 1,95851
7103041005000300,71,03,041,005,0003,SULAWESI UTARA,KEPULAUAN SANGIHE,TATOARENG,DALAKO BEMBANAHE,LINDONGAN 3,95851
7103041004000400,71,03,041,004,0004,SULAWESI UTARA,KEPULAUAN SANGIHE,TATOARENG,KALAMA,LINDONGAN 4,95851
7103041005000400,71,03,041,005,0004,SULAWESI UTARA,KEPULAUAN SANGIHE,TATOARENG,DALAKO BEMBANAHE,LINDONGAN 4,95851
7103090008000900,71,03,090,008,0009,SULAWESI UTARA,KEPULAUAN SANGIHE,TAHUNA,APENG SEMBEKA,RT 09 LINGKUNGAN 4,95811
7103100004000400,71,03,100,004,0004,SULAWESI UTARA,KEPULAUAN SANGIHE,TABUKAN UTARA,BOWONGKULU,LINDONGAN 04,95856
7103060020000100,71,03,060,020,0001,SULAWESI UTARA,KEPULAUAN SANGIHE,TABUKAN SELATAN,LESABE I,LINDONGAN 1,95858
7103070001000300,71,03,070,001,0003,SULAWESI UTARA,KEPULAUAN SANGIHE,TABUKAN TENGAH,BOWONGKALI,LINDONGAN 03,95857
7103041007000100,71,03,041,007,0001,SULAWESI UTARA,KEPULAUAN SANGIHE,TATOARENG,PARA I,LINDONGAN 1,95851
7103050010000100,71,03,050,010,0001,SULAWESI UTARA,KEPULAUAN SANGIHE,TAMAKO,BINALA,LINDONGAN 01,95855
7103060013000300,71,03,060,013,0003,SULAWESI UTARA,KEPULAUAN SANGIHE,TABUKAN SELATAN,BATUWINGKUNG,LINDONGAN 3,95858
7103061006000200,71,03,061,006,0002,SULAWESI UTARA,KEPULAUAN SANGIHE,TABUKAN SELATAN TENGAH,BOWONE,LINDONGAN 02,95859
7103100004000100,71,03,100,004,0001,SULAWESI UTARA,KEPULAUAN SANGIHE,TABUKAN UTARA,BOWONGKULU,LINDONGAN 01,95856
7103100004000200,71,03,100,004,0002,SULAWESI UTARA,KEPULAUAN SANGIHE,TABUKAN UTARA,BOWONGKULU,LINDONGAN 02,95856
7103092001000200,71,03,092,001,0002,SULAWESI UTARA,KEPULAUAN SANGIHE,TAHUNA BARAT,PANANEKENG,RT 02 LINGKUNGAN I,95811
7103092004000700,71,03,092,004,0007,SULAWESI UTARA,KEPULAUAN SANGIHE,TAHUNA BARAT,BEHA,RT 07 LINGKUNGAN II,95818
7103110008000400,71,03,110,008,0004,SULAWESI UTARA,KEPULAUAN SANGIHE,KENDAHE,KAWALUSO,LINDONGAN 04,95852
7103061004000100,71,03,061,004,0001,SULAWESI UTARA,KEPULAUAN SANGIHE,TABUKAN SELATAN TENGAH,SALURANG,LINDONGAN 01,95859
7103060020000200,71,03,060,020,0002,SULAWESI UTARA,KEPULAUAN SANGIHE,TABUKAN SELATAN,LESABE I,LINDONGAN 2,95858
7103100004000300,71,03,100,004,0003,SULAWESI UTARA,KEPULAUAN SANGIHE,TABUKAN UTARA,BOWONGKULU,LINDONGAN 03,95856
7103080001000300,71,03,080,001,0003,SULAWESI UTARA,KEPULAUAN SANGIHE,MANGANITU,BARANGKALANG,LINDONGAN 03,95853
7103090012000900,71,03,090,012,0009,SULAWESI UTARA,KEPULAUAN SANGIHE,TAHUNA,BUNGALAWANG,RT 09 LINGKUNGAN 3,95811
7103090012000400,71,03,090,012,0004,SULAWESI UTARA,KEPULAUAN SANGIHE,TAHUNA,BUNGALAWANG,RT 04 LINGKUNGAN 2,95811
7103091005000100,71,03,091,005,0001,SULAWESI UTARA,KEPULAUAN SANGIHE,TAHUNA TIMUR,DUMUHUNG,RT 01 LINGKUNGAN 1,95816
7103080001000400,71,03,080,001,0004,SULAWESI UTARA,KEPULAUAN SANGIHE,MANGANITU,BARANGKALANG,LINDONGAN 04,95853
7103080001000200,71,03,080,001,0002,SULAWESI UTARA,KEPULAUAN SANGIHE,MANGANITU,BARANGKALANG,LINDONGAN 02,95853
7103041006000200,71,03,041,006,0002,SULAWESI UTARA,KEPULAUAN SANGIHE,TATOARENG,TALEKO BATUSAIKI,LINDONGAN 2,95851
7103090012001000,71,03,090,012,0010,SULAWESI UTARA,KEPULAUAN SANGIHE,TAHUNA,BUNGALAWANG,RT 10 LINGKUNGAN 4,95811
7103060015000100,71,03,060,015,0001,SULAWESI UTARA,KEPULAUAN SANGIHE,TABUKAN SELATAN,BENTUNG,LINDONGAN 1,95858
7103050006000600,71,03,050,006,0006,SULAWESI UTARA,KEPULAUAN SANGIHE,TAMAKO,DAGHO,LINDONGAN 06,95855
7103041007000200,71,03,041,007,0002,SULAWESI UTARA,KEPULAUAN SANGIHE,TATOARENG,PARA I,LINDONGAN 2,95851
7103090012000800,71,03,090,012,0008,SULAWESI UTARA,KEPULAUAN SANGIHE,TAHUNA,BUNGALAWANG,RT 08 LINGKUNGAN 3,95811
7103070001000200,71,03,070,001,0002,SULAWESI UTARA,KEPULAUAN SANGIHE,TABUKAN TENGAH,BOWONGKALI,LINDONGAN 02,95857
7103080001200100,71,03,080,001,2001,SULAWESI UTARA,KEPULAUAN SANGIHE,MANGANITU,BARANGKALANG,HUTAN LINDUNG,95853
7103080001000100,71,03,080,001,0001,SULAWESI UTARA,KEPULAUAN SANGIHE,MANGANITU,BARANGKALANG,LINDONGAN 01,95853
7103080002200100,71,03,080,002,2001,SULAWESI UTARA,KEPULAUAN SANGIHE,MANGANITU,BELENGANG,HUTAN LINDUNG,95853
7103040005000300,71,03,040,005,0003,SULAWESI UTARA,KEPULAUAN SANGIHE,MANGANITU SELATAN,BEBALANG,LINDONGAN 003,95854
7103050006000500,71,03,050,006,0005,SULAWESI UTARA,KEPULAUAN SANGIHE,TAMAKO,DAGHO,LINDONGAN 05,95855
7103062004000300,71,03,062,004,0003,SULAWESI UTARA,KEPULAUAN SANGIHE,TABUKAN SELATAN TENGGARA,DALOKAWENG,LINDONGAN 03,95850
7103091005000800,71,03,091,005,0008,SULAWESI UTARA,KEPULAUAN SANGIHE,TAHUNA TIMUR,DUMUHUNG,RT 08 LINGKUNGAN 3,95816
7103091005000300,71,03,091,005,0003,SULAWESI UTARA,KEPULAUAN SANGIHE,TAHUNA TIMUR,DUMUHUNG,RT 03 LINGKUNGAN 1,95816
7103091005000900,71,03,091,005,0009,SULAWESI UTARA,KEPULAUAN SANGIHE,TAHUNA TIMUR,DUMUHUNG,RT 09 LINGKUNGAN 3,95816
7103091005000500,71,03,091,005,0005,SULAWESI UTARA,KEPULAUAN SANGIHE,TAHUNA TIMUR,DUMUHUNG,RT 05 LINGKUNGAN 2,95816
7103080002000400,71,03,080,002,0004,SULAWESI UTARA,KEPULAUAN SANGIHE,MANGANITU,BELENGANG,LINDONGAN 04,95853
7103060015000300,71,03,060,015,0003,SULAWESI UTARA,KEPULAUAN SANGIHE,TABUKAN SELATAN,BENTUNG,LINDONGAN 3,95858
7103041002000200,71,03,041,002,0002,SULAWESI UTARA,KEPULAUAN SANGIHE,TATOARENG,MAHENGETANG,LINDONGAN 2,95851
7103092001000400,71,03,092,001,0004,SULAWESI UTARA,KEPULAUAN SANGIHE,TAHUNA BARAT,PANANEKENG,RT 04 LINGKUNGAN II,95811
7103100027000300,71,03,100,027,0003,SULAWESI UTARA,KEPULAUAN SANGIHE,TABUKAN UTARA,BOWONGKULU I,LINDONGAN 03,95856
7103100027000100,71,03,100,027,0001,SULAWESI UTARA,KEPULAUAN SANGIHE,TABUKAN UTARA,BOWONGKULU I,LINDONGAN 01,95856
7103100027000200,71,03,100,027,0002,SULAWESI UTARA,KEPULAUAN SANGIHE,TABUKAN UTARA,BOWONGKULU I,LINDONGAN 02,95856
7103080002000100,71,03,080,002,0001,SULAWESI UTARA,KEPULAUAN SANGIHE,MANGANITU,BELENGANG,LINDONGAN 01,95853
7103090012001200,71,03,090,012,0012,SULAWESI UTARA,KEPULAUAN SANGIHE,TAHUNA,BUNGALAWANG,RT 12 LINGKUNGAN 4,95811
7103080002000300,71,03,080,002,0003,SULAWESI UTARA,KEPULAUAN SANGIHE,MANGANITU,BELENGANG,LINDONGAN 03,95853
7103062004000200,71,03,062,004,0002,SULAWESI UTARA,KEPULAUAN SANGIHE,TABUKAN SELATAN TENGGARA,DALOKAWENG,LINDONGAN 02,95850
7103090012000600,71,03,090,012,0006,SULAWESI UTARA,KEPULAUAN SANGIHE,TAHUNA,BUNGALAWANG,RT 06 LINGKUNGAN 2,95811
7103091005000200,71,03,091,005,0002,SULAWESI UTARA,KEPULAUAN SANGIHE,TAHUNA TIMUR,DUMUHUNG,RT 02 LINGKUNGAN 1,95816
7103091005000700,71,03,091,005,0007,SULAWESI UTARA,KEPULAUAN SANGIHE,TAHUNA TIMUR,DUMUHUNG,RT 07 LINGKUNGAN 3,95816
7103101002000200,71,03,101,002,0002,SULAWESI UTARA,KEPULAUAN SANGIHE,NUSA TABUKAN,NANEDAKELE,LINDONGAN 002,95842
7103070006000300,71,03,070,006,0003,SULAWESI UTARA,KEPULAUAN SANGIHE,TABUKAN TENGAH,BUNGALAWANG,LINDONGAN 03,95857
7103100014000400,71,03,100,014,0004,SULAWESI UTARA,KEPULAUAN SANGIHE,TABUKAN UTARA,KALASUGE,LINDONGAN 04,95856
7103100014000100,71,03,100,014,0001,SULAWESI UTARA,KEPULAUAN SANGIHE,TABUKAN UTARA,KALASUGE,LINDONGAN 01,95856
7103080002000200,71,03,080,002,0002,SULAWESI UTARA,KEPULAUAN SANGIHE,MANGANITU,BELENGANG,LINDONGAN 02,95853
7103050006000100,71,03,050,006,0001,SULAWESI UTARA,KEPULAUAN SANGIHE,TAMAKO,DAGHO,LINDONGAN 01,95855
7103050006000202,71,03,050,006,0002,SULAWESI UTARA,KEPULAUAN SANGIHE,TAMAKO,DAGHO,LINDONGAN 02,95855
7103060009000300,71,03,060,009,0003,SULAWESI UTARA,KEPULAUAN SANGIHE,TABUKAN SELATAN,BIRAHI,LINDONGAN 3,95858
7103061008000100,71,03,061,008,0001,SULAWESI UTARA,KEPULAUAN SANGIHE,TABUKAN SELATAN TENGAH,TENDA,LINDONGAN 01,95859
7103061004000400,71,03,061,004,0004,SULAWESI UTARA,KEPULAUAN SANGIHE,TABUKAN SELATAN TENGAH,SALURANG,LINDONGAN 04,95859
7103070006000100,71,03,070,006,0001,SULAWESI UTARA,KEPULAUAN SANGIHE,TABUKAN TENGAH,BUNGALAWANG,LINDONGAN 01,95857
7103062004000100,71,03,062,004,0001,SULAWESI UTARA,KEPULAUAN SANGIHE,TABUKAN SELATAN TENGGARA,DALOKAWENG,LINDONGAN 01,95850
7103080002000500,71,03,080,002,0005,SULAWESI UTARA,KEPULAUAN SANGIHE,MANGANITU,BELENGANG,LINDONGAN 05,95853
7103091005000400,71,03,091,005,0004,SULAWESI UTARA,KEPULAUAN SANGIHE,TAHUNA TIMUR,DUMUHUNG,RT 04 LINGKUNGAN 2,95816
7103062006000300,71,03,062,006,0003,SULAWESI UTARA,KEPULAUAN SANGIHE,TABUKAN SELATAN TENGGARA,MALISADE,LINDONGAN 03,95850
7103080018000100,71,03,080,018,0001,SULAWESI UTARA,KEPULAUAN SANGIHE,MANGANITU,BENGKA,LINDONGAN 01,95853
7103062006000200,71,03,062,006,0002,SULAWESI UTARA,KEPULAUAN SANGIHE,TABUKAN SELATAN TENGGARA,MALISADE,LINDONGAN 02,95850
7103040005000100,71,03,040,005,0001,SULAWESI UTARA,KEPULAUAN SANGIHE,MANGANITU SELATAN,BEBALANG,LINDONGAN 001,95854
7103050006000400,71,03,050,006,0004,SULAWESI UTARA,KEPULAUAN SANGIHE,TAMAKO,DAGHO,LINDONGAN 04,95855
7103050006000300,71,03,050,006,0003,SULAWESI UTARA,KEPULAUAN SANGIHE,TAMAKO,DAGHO,LINDONGAN 03,95855
7103110001000400,71,03,110,001,0004,SULAWESI UTARA,KEPULAUAN SANGIHE,KENDAHE,KENDAHE DUA,LINDONGAN 04,95852
7103100014000200,71,03,100,014,0002,SULAWESI UTARA,KEPULAUAN SANGIHE,TABUKAN UTARA,KALASUGE,LINDONGAN 02,95856
7103100014000300,71,03,100,014,0003,SULAWESI UTARA,KEPULAUAN SANGIHE,TABUKAN UTARA,KALASUGE,LINDONGAN 03,95856
7103040005000400,71,03,040,005,0004,SULAWESI UTARA,KEPULAUAN SANGIHE,MANGANITU SELATAN,BEBALANG,LINDONGAN 004,95854
7103091005001200,71,03,091,005,0012,SULAWESI UTARA,KEPULAUAN SANGIHE,TAHUNA TIMUR,DUMUHUNG,RT 12 LINGKUNGAN 4,95816
7103050006000201,71,03,050,006,0002,SULAWESI UTARA,KEPULAUAN SANGIHE,TAMAKO,DAGHO,LINDONGAN 02,95855
7103090012000300,71,03,090,012,0003,SULAWESI UTARA,KEPULAUAN SANGIHE,TAHUNA,BUNGALAWANG,RT 03 LINGKUNGAN 1,95811
7103040012000300,71,03,040,012,0003,SULAWESI UTARA,KEPULAUAN SANGIHE,MANGANITU SELATAN,KALUWATU,LINDONGAN 3,95854
7103080018000200,71,03,080,018,0002,SULAWESI UTARA,KEPULAUAN SANGIHE,MANGANITU,BENGKA,LINDONGAN 002,95853
7103080014200100,71,03,080,014,2001,SULAWESI UTARA,KEPULAUAN SANGIHE,MANGANITU,HIUNG,HUTAN,95853
7103091006000200,71,03,091,006,0002,SULAWESI UTARA,KEPULAUAN SANGIHE,TAHUNA TIMUR,ENENGPAHEMBANG,RT 02 LINGKUNGAN 1,95815
7103040012000200,71,03,040,012,0002,SULAWESI UTARA,KEPULAUAN SANGIHE,MANGANITU SELATAN,KALUWATU,LINDONGAN 2,95854
7103100014000500,71,03,100,014,0005,SULAWESI UTARA,KEPULAUAN SANGIHE,TABUKAN UTARA,KALASUGE,LINDONGAN 05,95856
7103100011000500,71,03,100,011,0005,SULAWESI UTARA,KEPULAUAN SANGIHE,TABUKAN UTARA,KALEKUBE,LINDONGAN 05,95856
7103110001000200,71,03,110,001,0002,SULAWESI UTARA,KEPULAUAN SANGIHE,KENDAHE,KENDAHE DUA,LINDONGAN 02,95852
7103061009000200,71,03,061,009,0002,SULAWESI UTARA,KEPULAUAN SANGIHE,TABUKAN SELATAN TENGAH,AHA PATUNG,LINDONGAN 02,95859
7103090012000700,71,03,090,012,0007,SULAWESI UTARA,KEPULAUAN SANGIHE,TAHUNA,BUNGALAWANG,RT 07 LINGKUNGAN 3,95811
7103080014000300,71,03,080,014,0003,SULAWESI UTARA,KEPULAUAN SANGIHE,MANGANITU,HIUNG,LINDONGAN 03,95853
7103090012000100,71,03,090,012,0001,SULAWESI UTARA,KEPULAUAN SANGIHE,TAHUNA,BUNGALAWANG,RT 01 LINGKUNGAN 1,95811
7103092004000400,71,03,092,004,0004,SULAWESI UTARA,KEPULAUAN SANGIHE,TAHUNA BARAT,BEHA,RT 04 LINGKUNGAN III,95818
7103101004200400,71,03,101,004,2004,SULAWESI UTARA,KEPULAUAN SANGIHE,NUSA TABUKAN,BUKIDE TIMUR,TOADE BUKIDE BATU,95842
7103061001000200,71,03,061,001,0002,SULAWESI UTARA,KEPULAUAN SANGIHE,TABUKAN SELATAN TENGAH,LEHUPU,LINDONGAN 02,95859
7103101005000100,71,03,101,005,0001,SULAWESI UTARA,KEPULAUAN SANGIHE,NUSA TABUKAN,NANUSA,LINDONGAN 001,95842
7103040012000500,71,03,040,012,0005,SULAWESI UTARA,KEPULAUAN SANGIHE,MANGANITU SELATAN,KALUWATU,LINDONGAN 5,95854
7103092002000400,71,03,092,002,0004,SULAWESI UTARA,KEPULAUAN SANGIHE,TAHUNA BARAT,ANGGES,RT 04 LINGKUNGAN III,95817
7103041001000100,71,03,041,001,0001,SULAWESI UTARA,KEPULAUAN SANGIHE,TATOARENG,PARA,LINDONGAN 1,95851
7103100011000100,71,03,100,011,0001,SULAWESI UTARA,KEPULAUAN SANGIHE,TABUKAN UTARA,KALEKUBE,LINDONGAN 01,95856
7103091006000400,71,03,091,006,0004,SULAWESI UTARA,KEPULAUAN SANGIHE,TAHUNA TIMUR,ENENGPAHEMBANG,RT 04 LINGKUNGAN 2,95815
7103090012000200,71,03,090,012,0002,SULAWESI UTARA,KEPULAUAN SANGIHE,TAHUNA,BUNGALAWANG,RT 02 LINGKUNGAN 1,95811
7103060010000100,71,03,060,010,0001,SULAWESI UTARA,KEPULAUAN SANGIHE,TABUKAN SELATAN,BINEBAS,LINDONGAN 1,95858
7103040012000101,71,03,040,012,0001,SULAWESI UTARA,KEPULAUAN SANGIHE,MANGANITU SELATAN,KALUWATU,LINDONGAN 1,95854
7103092005000600,71,03,092,005,0006,SULAWESI UTARA,KEPULAUAN SANGIHE,TAHUNA BARAT,AKEMBAWI,RT 06 LINGKUNGAN II,95818
7103041003000400,71,03,041,003,0004,SULAWESI UTARA,KEPULAUAN SANGIHE,TATOARENG,KAHAKITANG,LINDONGAN 4,95851
7103041004000100,71,03,041,004,0001,SULAWESI UTARA,KEPULAUAN SANGIHE,TATOARENG,KALAMA,LINDONGAN 1,95851
7103050020000100,71,03,050,020,0001,SULAWESI UTARA,KEPULAUAN SANGIHE,TAMAKO,HESANG,LINDONGAN 01,95855
7103091006000100,71,03,091,006,0001,SULAWESI UTARA,KEPULAUAN SANGIHE,TAHUNA TIMUR,ENENGPAHEMBANG,RT 01 LINGKUNGAN 1,95815
7103062006000100,71,03,062,006,0001,SULAWESI UTARA,KEPULAUAN SANGIHE,TABUKAN SELATAN TENGGARA,MALISADE,LINDONGAN 01,95850
7103091006000300,71,03,091,006,0003,SULAWESI UTARA,KEPULAUAN SANGIHE,TAHUNA TIMUR,ENENGPAHEMBANG,RT 03 LINGKUNGAN 2,95815
7103050020000200,71,03,050,020,0002,SULAWESI UTARA,KEPULAUAN SANGIHE,TAMAKO,HESANG,LINDONGAN 02,95855
7103080014000200,71,03,080,014,0002,SULAWESI UTARA,KEPULAUAN SANGIHE,MANGANITU,HIUNG,LINDONGAN 02,95853
7103080014000100,71,03,080,014,0001,SULAWESI UTARA,KEPULAUAN SANGIHE,MANGANITU,HIUNG,LINDONGAN 01,95853
7103110005000400,71,03,110,005,0004,SULAWESI UTARA,KEPULAUAN SANGIHE,KENDAHE,PEMPALARAENG,LINDONGAN 04,95852
7103090012000500,71,03,090,012,0005,SULAWESI UTARA,KEPULAUAN SANGIHE,TAHUNA,BUNGALAWANG,RT 05 LINGKUNGAN 2,95811
7103092003000400,71,03,092,003,0004,SULAWESI UTARA,KEPULAUAN SANGIHE,TAHUNA BARAT,MITUNG,RT 04 LINGKUNGAN II,95817
7103060012000100,71,03,060,012,0001,SULAWESI UTARA,KEPULAUAN SANGIHE,TABUKAN SELATAN,PALARENG,LINDONGAN 1,95858
7103070006000200,71,03,070,006,0002,SULAWESI UTARA,KEPULAUAN SANGIHE,TABUKAN TENGAH,BUNGALAWANG,LINDONGAN 02,95857
7103070006000400,71,03,070,006,0004,SULAWESI UTARA,KEPULAUAN SANGIHE,TABUKAN TENGAH,BUNGALAWANG,LINDONGAN 04,95857
7103090012001100,71,03,090,012,0011,SULAWESI UTARA,KEPULAUAN SANGIHE,TAHUNA,BUNGALAWANG,RT 11 LINGKUNGAN 4,95811
7103091001000500,71,03,091,001,0005,SULAWESI UTARA,KEPULAUAN SANGIHE,TAHUNA TIMUR,LESA,RT 05 LINGKUNGAN 3,95812
7103110005000100,71,03,110,005,0001,SULAWESI UTARA,KEPULAUAN SANGIHE,KENDAHE,PEMPALARAENG,LINDONGAN 01,95852
7103110008000300,71,03,110,008,0003,SULAWESI UTARA,KEPULAUAN SANGIHE,KENDAHE,KAWALUSO,LINDONGAN 03,95852
7103060019000200,71,03,060,019,0002,SULAWESI UTARA,KEPULAUAN SANGIHE,TABUKAN SELATAN,BULO,LINDONGAN 2,95858
7103090009000100,71,03,090,009,0001,SULAWESI UTARA,KEPULAUAN SANGIHE,TAHUNA,MAHENA,RT 01 LINGKUNGAN 01,95813
7103090009000500,71,03,090,009,0005,SULAWESI UTARA,KEPULAUAN SANGIHE,TAHUNA,MAHENA,RT 05 LINGKUNGAN 03,95813
7103092005000800,71,03,092,005,0008,SULAWESI UTARA,KEPULAUAN SANGIHE,TAHUNA BARAT,AKEMBAWI,RT 08 LINGKUNGAN III,95818
7103100011000200,71,03,100,011,0002,SULAWESI UTARA,KEPULAUAN SANGIHE,TABUKAN UTARA,KALEKUBE,LINDONGAN 02,95856
7103091001000200,71,03,091,001,0002,SULAWESI UTARA,KEPULAUAN SANGIHE,TAHUNA TIMUR,LESA,RT 02 LINGKUNGAN 1,95812
7103091001000600,71,03,091,001,0006,SULAWESI UTARA,KEPULAUAN SANGIHE,TAHUNA TIMUR,LESA,RT 06 LINGKUNGAN 3,95812
7103092006000200,71,03,092,006,0002,SULAWESI UTARA,KEPULAUAN SANGIHE,TAHUNA BARAT,BEHA BARU,RT 02 LINGKUNGAN I,95815
7103101004000400,71,03,101,004,0004,SULAWESI UTARA,KEPULAUAN SANGIHE,NUSA TABUKAN,BUKIDE TIMUR,LINDONGAN 004,95842
7103090009000200,71,03,090,009,0002,SULAWESI UTARA,KEPULAUAN SANGIHE,TAHUNA,MAHENA,RT 02 LINGKUNGAN 01,95813
7103080007000100,71,03,080,007,0001,SULAWESI UTARA,KEPULAUAN SANGIHE,MANGANITU,KARATUNG I,LINDONGAN 01,95853
7103100011000400,71,03,100,011,0004,SULAWESI UTARA,KEPULAUAN SANGIHE,TABUKAN UTARA,KALEKUBE,LINDONGAN 04,95856
7103100011000300,71,03,100,011,0003,SULAWESI UTARA,KEPULAUAN SANGIHE,TABUKAN UTARA,KALEKUBE,LINDONGAN 03,95856
7103100026000200,71,03,100,026,0002,SULAWESI UTARA,KEPULAUAN SANGIHE,TABUKAN UTARA,KALEKUBE I,LINDONGAN 02,95856
7103090009000300,71,03,090,009,0003,SULAWESI UTARA,KEPULAUAN SANGIHE,TAHUNA,MAHENA,RT 03 LINGKUNGAN 02,95813
7103061005000100,71,03,061,005,0001,SULAWESI UTARA,KEPULAUAN SANGIHE,TABUKAN SELATAN TENGAH,HANGKE,LINDONGAN 01,95859
7103070008000300,71,03,070,008,0003,SULAWESI UTARA,KEPULAUAN SANGIHE,TABUKAN TENGAH,GUNUNG,LINDONGAN 3,95857
7103100026000100,71,03,100,026,0001,SULAWESI UTARA,KEPULAUAN SANGIHE,TABUKAN UTARA,KALEKUBE I,LINDONGAN 01,95856
7103090009000400,71,03,090,009,0004,SULAWESI UTARA,KEPULAUAN SANGIHE,TAHUNA,MAHENA,RT 04 LINGKUNGAN 02,95813
7103091001000100,71,03,091,001,0001,SULAWESI UTARA,KEPULAUAN SANGIHE,TAHUNA TIMUR,LESA,RT 01 LINGKUNGAN 1,95812
7103110007000300,71,03,110,007,0003,SULAWESI UTARA,KEPULAUAN SANGIHE,KENDAHE,LIPAENG,LINDONGAN 03,95852
7103040012000400,71,03,040,012,0004,SULAWESI UTARA,KEPULAUAN SANGIHE,MANGANITU SELATAN,KALUWATU,LINDONGAN 4,95854
7103062001000200,71,03,062,001,0002,SULAWESI UTARA,KEPULAUAN SANGIHE,TABUKAN SELATAN TENGGARA,PINTARENG,LINDONGAN 02,95850
7103090009000600,71,03,090,009,0006,SULAWESI UTARA,KEPULAUAN SANGIHE,TAHUNA,MAHENA,RT 06 LINGKUNGAN 03,95813
7103110002000300,71,03,110,002,0003,SULAWESI UTARA,KEPULAUAN SANGIHE,KENDAHE,KENDAHE SATU,LINDONGAN 03,95852
7103040012000102,71,03,040,012,0001,SULAWESI UTARA,KEPULAUAN SANGIHE,MANGANITU SELATAN,KALUWATU,LINDONGAN 1,95854
7103091001000300,71,03,091,001,0003,SULAWESI UTARA,KEPULAUAN SANGIHE,TAHUNA TIMUR,LESA,RT 03 LINGKUNGAN 2,95812
7103050020000300,71,03,050,020,0003,SULAWESI UTARA,KEPULAUAN SANGIHE,TAMAKO,HESANG,LINDONGAN 03,95855
7103050016000200,71,03,050,016,0002,SULAWESI UTARA,KEPULAUAN SANGIHE,TAMAKO,KALAMA DARAT,LINDONGAN 02,95855
7103091001000400,71,03,091,001,0004,SULAWESI UTARA,KEPULAUAN SANGIHE,TAHUNA TIMUR,LESA,RT 04 LINGKUNGAN 2,95812
7103101004000200,71,03,101,004,0002,SULAWESI UTARA,KEPULAUAN SANGIHE,NUSA TABUKAN,BUKIDE TIMUR,LINDONGAN 002,95842
7103080007000200,71,03,080,007,0002,SULAWESI UTARA,KEPULAUAN SANGIHE,MANGANITU,KARATUNG I,LINDONGAN 02,95853
7103080007000300,71,03,080,007,0003,SULAWESI UTARA,KEPULAUAN SANGIHE,MANGANITU,KARATUNG I,LINDONGAN 03,95853
7103060012000300,71,03,060,012,0003,SULAWESI UTARA,KEPULAUAN SANGIHE,TABUKAN SELATAN,PALARENG,LINDONGAN 3,95858
7103090013001000,71,03,090,013,0010,SULAWESI UTARA,KEPULAUAN SANGIHE,TAHUNA,MANENTE,RT 10 LINGKUNGAN 5,95811
7103050016000100,71,03,050,016,0001,SULAWESI UTARA,KEPULAUAN SANGIHE,TAMAKO,KALAMA DARAT,LINDONGAN 01,95855
7103050016000300,71,03,050,016,0003,SULAWESI UTARA,KEPULAUAN SANGIHE,TAMAKO,KALAMA DARAT,LINDONGAN 03,95855
7103060016000200,71,03,060,016,0002,SULAWESI UTARA,KEPULAUAN SANGIHE,TABUKAN SELATAN,SIMUENG,LINDONGAN 2,95858
7103100026000300,71,03,100,026,0003,SULAWESI UTARA,KEPULAUAN SANGIHE,TABUKAN UTARA,KALEKUBE I,LINDONGAN 03,95856
7103061003000100,71,03,061,003,0001,SULAWESI UTARA,KEPULAUAN SANGIHE,TABUKAN SELATAN TENGAH,BEENG,LINDONGAN 01,95859
7103070008000200,71,03,070,008,0002,SULAWESI UTARA,KEPULAUAN SANGIHE,TABUKAN TENGAH,GUNUNG,LINDONGAN 2,95857
7103090013000600,71,03,090,013,0006,SULAWESI UTARA,KEPULAUAN SANGIHE,TAHUNA,MANENTE,RT 06 LINGKUNGAN 3,95811
7103091007000700,71,03,091,007,0007,SULAWESI UTARA,KEPULAUAN SANGIHE,TAHUNA TIMUR,TAPUANG,RT 07 LINGKUNGAN 3,95815
7103070008000400,71,03,070,008,0004,SULAWESI UTARA,KEPULAUAN SANGIHE,TABUKAN TENGAH,GUNUNG,LINDONGAN 4,95857
7103100007000200,71,03,100,007,0002,SULAWESI UTARA,KEPULAUAN SANGIHE,TABUKAN UTARA,KALURAE,LINDONGAN 02,95856
7103100007000300,71,03,100,007,0003,SULAWESI UTARA,KEPULAUAN SANGIHE,TABUKAN UTARA,KALURAE,LINDONGAN 03,95856
7103100007000100,71,03,100,007,0001,SULAWESI UTARA,KEPULAUAN SANGIHE,TABUKAN UTARA,KALURAE,LINDONGAN 01,95856
7103110006000400,71,03,110,006,0004,SULAWESI UTARA,KEPULAUAN SANGIHE,KENDAHE,MOHONGSAWANG,LINDONGAN 04,95852
7103100001000100,71,03,100,001,0001,SULAWESI UTARA,KEPULAUAN SANGIHE,TABUKAN UTARA,LENGANENG,LINDONGAN 01,95856
7103100001000200,71,03,100,001,0002,SULAWESI UTARA,KEPULAUAN SANGIHE,TABUKAN UTARA,LENGANENG,LINDONGAN 02,95856
7103050004000300,71,03,050,004,0003,SULAWESI UTARA,KEPULAUAN SANGIHE,TAMAKO,KALINDA,LINDONGAN 03,95855
7103100001000300,71,03,100,001,0003,SULAWESI UTARA,KEPULAUAN SANGIHE,TABUKAN UTARA,LENGANENG,LINDONGAN 03,95856
7103061002000100,71,03,061,002,0001,SULAWESI UTARA,KEPULAUAN SANGIHE,TABUKAN SELATAN TENGAH,TAMBUNG,LINDONGAN 01,95859
7103080006000300,71,03,080,006,0003,SULAWESI UTARA,KEPULAUAN SANGIHE,MANGANITU,KARATUNG II,LINDONGAN 03,95853
7103110006000300,71,03,110,006,0003,SULAWESI UTARA,KEPULAUAN SANGIHE,KENDAHE,MOHONGSAWANG,LINDONGAN 03,95852
7103070008000100,71,03,070,008,0001,SULAWESI UTARA,KEPULAUAN SANGIHE,TABUKAN TENGAH,GUNUNG,LINDONGAN 1,95857
7103080006000100,71,03,080,006,0001,SULAWESI UTARA,KEPULAUAN SANGIHE,MANGANITU,KARATUNG II,LINDONGAN 01,95853
7103091007000200,71,03,091,007,0002,SULAWESI UTARA,KEPULAUAN SANGIHE,TAHUNA TIMUR,TAPUANG,RT 02 LINGKUNGAN 1,95815
7103090013000400,71,03,090,013,0004,SULAWESI UTARA,KEPULAUAN SANGIHE,TAHUNA,MANENTE,RT 04 LINGKUNGAN 2,95811
7103092002000300,71,03,092,002,0003,SULAWESI UTARA,KEPULAUAN SANGIHE,TAHUNA BARAT,ANGGES,RT 03 LINGKUNGAN II,95817
7103092002000200,71,03,092,002,0002,SULAWESI UTARA,KEPULAUAN SANGIHE,TAHUNA BARAT,ANGGES,RT 02 LINGKUNGAN II,95817
7103050004000200,71,03,050,004,0002,SULAWESI UTARA,KEPULAUAN SANGIHE,TAMAKO,KALINDA,LINDONGAN 02,95855
7103041002000300,71,03,041,002,0003,SULAWESI UTARA,KEPULAUAN SANGIHE,TATOARENG,MAHENGETANG,LINDONGAN 3,95851
7103100024000500,71,03,100,024,0005,SULAWESI UTARA,KEPULAUAN SANGIHE,TABUKAN UTARA,LIKUANG,LINDONGAN 05,95856
7103070003000400,71,03,070,003,0004,SULAWESI UTARA,KEPULAUAN SANGIHE,TABUKAN TENGAH,KULUR I,LINDONGAN 04,95857
7103041004000300,71,03,041,004,0003,SULAWESI UTARA,KEPULAUAN SANGIHE,TATOARENG,KALAMA,LINDONGAN 3,95851
7103050004000400,71,03,050,004,0004,SULAWESI UTARA,KEPULAUAN SANGIHE,TAMAKO,KALINDA,LINDONGAN 04,95855
7103100024000400,71,03,100,024,0004,SULAWESI UTARA,KEPULAUAN SANGIHE,TABUKAN UTARA,LIKUANG,LINDONGAN 04,95856
7103091007001000,71,03,091,007,0010,SULAWESI UTARA,KEPULAUAN SANGIHE,TAHUNA TIMUR,TAPUANG,RT 10 LINGKUNGAN 2,95815
7103050004000100,71,03,050,004,0001,SULAWESI UTARA,KEPULAUAN SANGIHE,TAMAKO,KALINDA,LINDONGAN 01,95855
7103060021000200,71,03,060,021,0002,SULAWESI UTARA,KEPULAUAN SANGIHE,TABUKAN SELATAN,KALAGHENG,LINDONGAN 2,95858
7103061007000100,71,03,061,007,0001,SULAWESI UTARA,KEPULAUAN SANGIHE,TABUKAN SELATAN TENGAH,BEENG LAUT,LINDONGAN 01,95859
7103050019000300,71,03,050,019,0003,SULAWESI UTARA,KEPULAUAN SANGIHE,TAMAKO,KALINDA I,LINDONGAN 03,95855
7103050019000100,71,03,050,019,0001,SULAWESI UTARA,KEPULAUAN SANGIHE,TAMAKO,KALINDA I,LINDONGAN 01,95855
7103070003000300,71,03,070,003,0003,SULAWESI UTARA,KEPULAUAN SANGIHE,TABUKAN TENGAH,KULUR I,LINDONGAN 03,95857
7103080006200100,71,03,080,006,2001,SULAWESI UTARA,KEPULAUAN SANGIHE,MANGANITU,KARATUNG II,HUTAN,95853
7103090013000100,71,03,090,013,0001,SULAWESI UTARA,KEPULAUAN SANGIHE,TAHUNA,MANENTE,RT 01 LINGKUNGAN 1,95811
7103090013000200,71,03,090,013,0002,SULAWESI UTARA,KEPULAUAN SANGIHE,TAHUNA,MANENTE,RT 02 LINGKUNGAN 1,95811
7103040011000800,71,03,040,011,0008,SULAWESI UTARA,KEPULAUAN SANGIHE,MANGANITU SELATAN,LAINE,LINDONGAN 8,95854
7103101002000300,71,03,101,002,0003,SULAWESI UTARA,KEPULAUAN SANGIHE,NUSA TABUKAN,NANEDAKELE,LINDONGAN 003,95842
7103050019000200,71,03,050,019,0002,SULAWESI UTARA,KEPULAUAN SANGIHE,TAMAKO,KALINDA I,LINDONGAN 02,95855
7103070003000200,71,03,070,003,0002,SULAWESI UTARA,KEPULAUAN SANGIHE,TABUKAN TENGAH,KULUR I,LINDONGAN 02,95857
7103092001000300,71,03,092,001,0003,SULAWESI UTARA,KEPULAUAN SANGIHE,TAHUNA BARAT,PANANEKENG,RT 03 LINGKUNGAN II,95811
7103050014200100,71,03,050,014,2001,SULAWESI UTARA,KEPULAUAN SANGIHE,TAMAKO,LELIPANG,HUTAN LINDUNG,95855
7103100024000100,71,03,100,024,0001,SULAWESI UTARA,KEPULAUAN SANGIHE,TABUKAN UTARA,LIKUANG,LINDONGAN 01,95856
7103050014000300,71,03,050,014,0003,SULAWESI UTARA,KEPULAUAN SANGIHE,TAMAKO,LELIPANG,LINDONGAN 03,95855
7103070003000100,71,03,070,003,0001,SULAWESI UTARA,KEPULAUAN SANGIHE,TABUKAN TENGAH,KULUR I,LINDONGAN 01,95857
7103070002000100,71,03,070,002,0001,SULAWESI UTARA,KEPULAUAN SANGIHE,TABUKAN TENGAH,KULUR II,LINDONGAN 01,95857
7103091007000400,71,03,091,007,0004,SULAWESI UTARA,KEPULAUAN SANGIHE,TAHUNA TIMUR,TAPUANG,RT 04 LINGKUNGAN 2,95815
7103080006000600,71,03,080,006,0006,SULAWESI UTARA,KEPULAUAN SANGIHE,MANGANITU,KARATUNG II,LINDONGAN 06,95853
7103080006000200,71,03,080,006,0002,SULAWESI UTARA,KEPULAUAN SANGIHE,MANGANITU,KARATUNG II,LINDONGAN 02,95853
7103091007000300,71,03,091,007,0003,SULAWESI UTARA,KEPULAUAN SANGIHE,TAHUNA TIMUR,TAPUANG,RT 03 LINGKUNGAN 1,95815
7103091007000600,71,03,091,007,0006,SULAWESI UTARA,KEPULAUAN SANGIHE,TAHUNA TIMUR,TAPUANG,RT 06 LINGKUNGAN 3,95815
7103060014000200,71,03,060,014,0002,SULAWESI UTARA,KEPULAUAN SANGIHE,TABUKAN SELATAN,LESABE,LINDONGAN 2,95858
7103070002000200,71,03,070,002,0002,SULAWESI UTARA,KEPULAUAN SANGIHE,TABUKAN TENGAH,KULUR II,LINDONGAN 02,95857
7103091007000500,71,03,091,007,0005,SULAWESI UTARA,KEPULAUAN SANGIHE,TAHUNA TIMUR,TAPUANG,RT 05 LINGKUNGAN 2,95815
7103090013000800,71,03,090,013,0008,SULAWESI UTARA,KEPULAUAN SANGIHE,TAHUNA,MANENTE,RT 08 LINGKUNGAN 4,95811
7103070002000400,71,03,070,002,0004,SULAWESI UTARA,KEPULAUAN SANGIHE,TABUKAN TENGAH,KULUR II,LINDONGAN 04,95857
7103100024000200,71,03,100,024,0002,SULAWESI UTARA,KEPULAUAN SANGIHE,TABUKAN UTARA,LIKUANG,LINDONGAN 02,95856
7103070002000500,71,03,070,002,0005,SULAWESI UTARA,KEPULAUAN SANGIHE,TABUKAN TENGAH,KULUR II,LINDONGAN 05,95857
7103061004000200,71,03,061,004,0002,SULAWESI UTARA,KEPULAUAN SANGIHE,TABUKAN SELATAN TENGAH,SALURANG,LINDONGAN 02,95859
7103080006000400,71,03,080,006,0004,SULAWESI UTARA,KEPULAUAN SANGIHE,MANGANITU,KARATUNG II,LINDONGAN 04,95853
7103070002000300,71,03,070,002,0003,SULAWESI UTARA,KEPULAUAN SANGIHE,TABUKAN TENGAH,KULUR II,LINDONGAN 03,95857
7103091007000100,71,03,091,007,0001,SULAWESI UTARA,KEPULAUAN SANGIHE,TAHUNA TIMUR,TAPUANG,RT 01 LINGKUNGAN 1,95815
7103092001000600,71,03,092,001,0006,SULAWESI UTARA,KEPULAUAN SANGIHE,TAHUNA BARAT,PANANEKENG,RT 06 LINGKUNGAN III,95811
7103100024000700,71,03,100,024,0007,SULAWESI UTARA,KEPULAUAN SANGIHE,TABUKAN UTARA,LIKUANG,LINDONGAN 07,95856
7103050014000100,71,03,050,014,0001,SULAWESI UTARA,KEPULAUAN SANGIHE,TAMAKO,LELIPANG,LINDONGAN 01,95855
7103061003000200,71,03,061,003,0002,SULAWESI UTARA,KEPULAUAN SANGIHE,TABUKAN SELATAN TENGAH,BEENG,LINDONGAN 02,95859
7103050014000200,71,03,050,014,0002,SULAWESI UTARA,KEPULAUAN SANGIHE,TAMAKO,LELIPANG,LINDONGAN 02,95855
7103080006000500,71,03,080,006,0005,SULAWESI UTARA,KEPULAUAN SANGIHE,MANGANITU,KARATUNG II,LINDONGAN 05,95853
7103091007000800,71,03,091,007,0008,SULAWESI UTARA,KEPULAUAN SANGIHE,TAHUNA TIMUR,TAPUANG,RT 08 LINGKUNGAN 3,95815
7103091007000900,71,03,091,007,0009,SULAWESI UTARA,KEPULAUAN SANGIHE,TAHUNA TIMUR,TAPUANG,RT 09 LINGKUNGAN 2,95815
7103092003000200,71,03,092,003,0002,SULAWESI UTARA,KEPULAUAN SANGIHE,TAHUNA BARAT,MITUNG,RT 02 LINGKUNGAN I,95817
7103110005100100,71,03,110,005,1001,SULAWESI UTARA,KEPULAUAN SANGIHE,KENDAHE,PEMPALARAENG,KEBUN,95852
7103110008000200,71,03,110,008,0002,SULAWESI UTARA,KEPULAUAN SANGIHE,KENDAHE,KAWALUSO,LINDONGAN 02,95852
7103061005000300,71,03,061,005,0003,SULAWESI UTARA,KEPULAUAN SANGIHE,TABUKAN SELATAN TENGAH,HANGKE,LINDONGAN 03,95859
7103050001000300,71,03,050,001,0003,SULAWESI UTARA,KEPULAUAN SANGIHE,TAMAKO,MAHUMU,LINDONGAN 03,95855
7103050001000100,71,03,050,001,0001,SULAWESI UTARA,KEPULAUAN SANGIHE,TAMAKO,MAHUMU,LINDONGAN 01,95855
7103100024000600,71,03,100,024,0006,SULAWESI UTARA,KEPULAUAN SANGIHE,TABUKAN UTARA,LIKUANG,LINDONGAN 06,95856
7103062001000400,71,03,062,001,0004,SULAWESI UTARA,KEPULAUAN SANGIHE,TABUKAN SELATAN TENGGARA,PINTARENG,LINDONGAN 04,95850
7103080005000100,71,03,080,005,0001,SULAWESI UTARA,KEPULAUAN SANGIHE,MANGANITU,KAUHIS,LINDONGAN 01,95853
7103050001000200,71,03,050,001,0002,SULAWESI UTARA,KEPULAUAN SANGIHE,TAMAKO,MAHUMU,LINDONGAN 02,95855
7103100024000300,71,03,100,024,0003,SULAWESI UTARA,KEPULAUAN SANGIHE,TABUKAN UTARA,LIKUANG,LINDONGAN 03,95856
7103092005000400,71,03,092,005,0004,SULAWESI UTARA,KEPULAUAN SANGIHE,TAHUNA BARAT,AKEMBAWI,RT 04 LINGKUNGAN II,95818
7103050017000200,71,03,050,017,0002,SULAWESI UTARA,KEPULAUAN SANGIHE,TAMAKO,MAHUMU I,LINDONGAN 02,95855
7103090013000900,71,03,090,013,0009,SULAWESI UTARA,KEPULAUAN SANGIHE,TAHUNA,MANENTE,RT 09 LINGKUNGAN 5,95811
7103092006000600,71,03,092,006,0006,SULAWESI UTARA,KEPULAUAN SANGIHE,TAHUNA BARAT,BEHA BARU,RT 06 LINGKUNGAN III,95815
7103091003000800,71,03,091,003,0008,SULAWESI UTARA,KEPULAUAN SANGIHE,TAHUNA TIMUR,TIDORE,RT 08 LINGKUNGAN 3,95814
7103102002000200,71,03,102,002,0002,SULAWESI UTARA,KEPULAUAN SANGIHE,KEPULAUAN MARORE,MARORE,LINDONGAN 2,95841
7103041003000200,71,03,041,003,0002,SULAWESI UTARA,KEPULAUAN SANGIHE,TATOARENG,KAHAKITANG,LINDONGAN 2,95851
7103090013001100,71,03,090,013,0011,SULAWESI UTARA,KEPULAUAN SANGIHE,TAHUNA,MANENTE,RT 11 LINGKUNGAN 6,95811
7103101002000400,71,03,101,002,0004,SULAWESI UTARA,KEPULAUAN SANGIHE,NUSA TABUKAN,NANEDAKELE,LINDONGAN 004,95842
7103070005000200,71,03,070,005,0002,SULAWESI UTARA,KEPULAUAN SANGIHE,TABUKAN TENGAH,KUMA,LINDONGAN 02,95857
7103080005000300,71,03,080,005,0003,SULAWESI UTARA,KEPULAUAN SANGIHE,MANGANITU,KAUHIS,LINDONGAN 03,95853
7103091003000300,71,03,091,003,0003,SULAWESI UTARA,KEPULAUAN SANGIHE,TAHUNA TIMUR,TIDORE,RT 03 LINGKUNGAN 1,95814
7103091003000200,71,03,091,003,0002,SULAWESI UTARA,KEPULAUAN SANGIHE,TAHUNA TIMUR,TIDORE,RT 02 LINGKUNGAN 1,95814
7103100012000200,71,03,100,012,0002,SULAWESI UTARA,KEPULAUAN SANGIHE,TABUKAN UTARA,MALA,LINDONGAN 02,95856
7103100012000400,71,03,100,012,0004,SULAWESI UTARA,KEPULAUAN SANGIHE,TABUKAN UTARA,MALA,LINDONGAN 04,95856
7103090013000500,71,03,090,013,0005,SULAWESI UTARA,KEPULAUAN SANGIHE,TAHUNA,MANENTE,RT 05 LINGKUNGAN 3,95811
7103040011000100,71,03,040,011,0001,SULAWESI UTARA,KEPULAUAN SANGIHE,MANGANITU SELATAN,LAINE,LINDONGAN 1,95854
7103090013000700,71,03,090,013,0007,SULAWESI UTARA,KEPULAUAN SANGIHE,TAHUNA,MANENTE,RT 07 LINGKUNGAN 4,95811
7103070005000300,71,03,070,005,0003,SULAWESI UTARA,KEPULAUAN SANGIHE,TABUKAN TENGAH,KUMA,LINDONGAN 03,95857
7103080005000200,71,03,080,005,0002,SULAWESI UTARA,KEPULAUAN SANGIHE,MANGANITU,KAUHIS,LINDONGAN 02,95853
7103050017000100,71,03,050,017,0001,SULAWESI UTARA,KEPULAUAN SANGIHE,TAMAKO,MAHUMU I,LINDONGAN 01,95855
7103080005000400,71,03,080,005,0004,SULAWESI UTARA,KEPULAUAN SANGIHE,MANGANITU,KAUHIS,LINDONGAN 04,95853
7103091003000100,71,03,091,003,0001,SULAWESI UTARA,KEPULAUAN SANGIHE,TAHUNA TIMUR,TIDORE,RT 01 LINGKUNGAN 1,95814
7103092003000600,71,03,092,003,0006,SULAWESI UTARA,KEPULAUAN SANGIHE,TAHUNA BARAT,MITUNG,RT 06 LINGKUNGAN III,95817
7103100012000300,71,03,100,012,0003,SULAWESI UTARA,KEPULAUAN SANGIHE,TABUKAN UTARA,MALA,LINDONGAN 03,95856
7103080005000500,71,03,080,005,0005,SULAWESI UTARA,KEPULAUAN SANGIHE,MANGANITU,KAUHIS,LINDONGAN 05,95853
7103080003000102,71,03,080,003,0001,SULAWESI UTARA,KEPULAUAN SANGIHE,MANGANITU,LEBO,LINDONGAN 01,95853
7103092004000600,71,03,092,004,0006,SULAWESI UTARA,KEPULAUAN SANGIHE,TAHUNA BARAT,BEHA,RT 06 LINGKUNGAN III,95818
7103080003200100,71,03,080,003,2001,SULAWESI UTARA,KEPULAUAN SANGIHE,MANGANITU,LEBO,HUTAN,95853
7103040011000200,71,03,040,011,0002,SULAWESI UTARA,KEPULAUAN SANGIHE,MANGANITU SELATAN,LAINE,LINDONGAN 2,95854
7103070005000100,71,03,070,005,0001,SULAWESI UTARA,KEPULAUAN SANGIHE,TABUKAN TENGAH,KUMA,LINDONGAN 01,95857
7103090013001200,71,03,090,013,0012,SULAWESI UTARA,KEPULAUAN SANGIHE,TAHUNA,MANENTE,RT 12 LINGKUNGAN 6,95811
7103080003000400,71,03,080,003,0004,SULAWESI UTARA,KEPULAUAN SANGIHE,MANGANITU,LEBO,LINDONGAN 04,95853
7103110006100100,71,03,110,006,1001,SULAWESI UTARA,KEPULAUAN SANGIHE,KENDAHE,MOHONGSAWANG,KEBUN,95852
7103080003000300,71,03,080,003,0003,SULAWESI UTARA,KEPULAUAN SANGIHE,MANGANITU,LEBO,LINDONGAN 03,95853
7103050018000100,71,03,050,018,0001,SULAWESI UTARA,KEPULAUAN SANGIHE,TAMAKO,MAHUMU II,LINDONGAN 01,95855
7103100012000100,71,03,100,012,0001,SULAWESI UTARA,KEPULAUAN SANGIHE,TABUKAN UTARA,MALA,LINDONGAN 01,95856
7103050018000200,71,03,050,018,0002,SULAWESI UTARA,KEPULAUAN SANGIHE,TAMAKO,MAHUMU II,LINDONGAN 02,95855
7103101005000300,71,03,101,005,0003,SULAWESI UTARA,KEPULAUAN SANGIHE,NUSA TABUKAN,NANUSA,LINDONGAN 003,95842
7103070018000300,71,03,070,018,0003,SULAWESI UTARA,KEPULAUAN SANGIHE,TABUKAN TENGAH,KUMA I,LINDONGAN 03,95857
7103100020000200,71,03,100,020,0002,SULAWESI UTARA,KEPULAUAN SANGIHE,TABUKAN UTARA,MOADE,LINDONGAN 02,95856
7103100020000100,71,03,100,020,0001,SULAWESI UTARA,KEPULAUAN SANGIHE,TABUKAN UTARA,MOADE,LINDONGAN 01,95856
7103100020000300,71,03,100,020,0003,SULAWESI UTARA,KEPULAUAN SANGIHE,TABUKAN UTARA,MOADE,LINDONGAN 03,95856
7103100028000200,71,03,100,028,0002,SULAWESI UTARA,KEPULAUAN SANGIHE,TABUKAN UTARA,NAHA I,LINDONGAN 02,95856
7103100028000100,71,03,100,028,0001,SULAWESI UTARA,KEPULAUAN SANGIHE,TABUKAN UTARA,NAHA I,LINDONGAN 01,95856
7103110002000100,71,03,110,002,0001,SULAWESI UTARA,KEPULAUAN SANGIHE,KENDAHE,KENDAHE SATU,LINDONGAN 01,95852
7103100028000300,71,03,100,028,0003,SULAWESI UTARA,KEPULAUAN SANGIHE,TABUKAN UTARA,NAHA I,LINDONGAN 03,95856
7103090013000300,71,03,090,013,0003,SULAWESI UTARA,KEPULAUAN SANGIHE,TAHUNA,MANENTE,RT 03 LINGKUNGAN 2,95811
7103100009000600,71,03,100,009,0006,SULAWESI UTARA,KEPULAUAN SANGIHE,TABUKAN UTARA,NAHASAHABE,LINDONGAN 06,95856
7103060013000100,71,03,060,013,0001,SULAWESI UTARA,KEPULAUAN SANGIHE,TABUKAN SELATAN,BATUWINGKUNG,LINDONGAN 1,95858
7103091003001100,71,03,091,003,0011,SULAWESI UTARA,KEPULAUAN SANGIHE,TAHUNA TIMUR,TIDORE,RT 11 LINGKUNGAN 3,95814
7103091003000500,71,03,091,003,0005,SULAWESI UTARA,KEPULAUAN SANGIHE,TAHUNA TIMUR,TIDORE,RT 05 LINGKUNGAN 2,95814
7103101003000200,71,03,101,003,0002,SULAWESI UTARA,KEPULAUAN SANGIHE,NUSA TABUKAN,BUKIDE,LINDONGAN 02,95842
7103090014000600,71,03,090,014,0006,SULAWESI UTARA,KEPULAUAN SANGIHE,TAHUNA,SANTIAGO,RT 06 LINGKUNGAN 3,95811
7103080003000200,71,03,080,003,0002,SULAWESI UTARA,KEPULAUAN SANGIHE,MANGANITU,LEBO,LINDONGAN 02,95853
7103100009000500,71,03,100,009,0005,SULAWESI UTARA,KEPULAUAN SANGIHE,TABUKAN UTARA,NAHASAHABE,LINDONGAN 05,95856
7103100009000700,71,03,100,009,0007,SULAWESI UTARA,KEPULAUAN SANGIHE,TABUKAN UTARA,NAHASAHABE,LINDONGAN 07,95856
7103080003000101,71,03,080,003,0001,SULAWESI UTARA,KEPULAUAN SANGIHE,MANGANITU,LEBO,LINDONGAN 01,95853
7103110007100100,71,03,110,007,1001,SULAWESI UTARA,KEPULAUAN SANGIHE,KENDAHE,LIPAENG,KEBUN,95852
7103040011000300,71,03,040,011,0003,SULAWESI UTARA,KEPULAUAN SANGIHE,MANGANITU SELATAN,LAINE,LINDONGAN 3,95854
7103110001100100,71,03,110,001,1001,SULAWESI UTARA,KEPULAUAN SANGIHE,KENDAHE,KENDAHE DUA,KEBUN,95852
7103090014000100,71,03,090,014,0001,SULAWESI UTARA,KEPULAUAN SANGIHE,TAHUNA,SANTIAGO,RT 01 LINGKUNGAN 1,95811
7103090014000700,71,03,090,014,0007,SULAWESI UTARA,KEPULAUAN SANGIHE,TAHUNA,SANTIAGO,RT 07 LINGKUNGAN 4,95811
7103090014000900,71,03,090,014,0009,SULAWESI UTARA,KEPULAUAN SANGIHE,TAHUNA,SANTIAGO,RT 09 LINGKUNGAN 5,95811
7103090014001100,71,03,090,014,0011,SULAWESI UTARA,KEPULAUAN SANGIHE,TAHUNA,SANTIAGO,RT 11 LINGKUNGAN 5,95811
7103080008000200,71,03,080,008,0002,SULAWESI UTARA,KEPULAUAN SANGIHE,MANGANITU,MALA,LINDONGAN 02,95853
7103091003000400,71,03,091,003,0004,SULAWESI UTARA,KEPULAUAN SANGIHE,TAHUNA TIMUR,TIDORE,RT 04 LINGKUNGAN 2,95814
7103090014000300,71,03,090,014,0003,SULAWESI UTARA,KEPULAUAN SANGIHE,TAHUNA,SANTIAGO,RT 03 LINGKUNGAN 2,95811
7103092004000500,71,03,092,004,0005,SULAWESI UTARA,KEPULAUAN SANGIHE,TAHUNA BARAT,BEHA,RT 05 LINGKUNGAN III,95818
7103050018000300,71,03,050,018,0003,SULAWESI UTARA,KEPULAUAN SANGIHE,TAMAKO,MAHUMU II,LINDONGAN 03,95855
7103050002000300,71,03,050,002,0003,SULAWESI UTARA,KEPULAUAN SANGIHE,TAMAKO,MAKALEKUHE,LINDONGAN 03,95855
7103050002000200,71,03,050,002,0002,SULAWESI UTARA,KEPULAUAN SANGIHE,TAMAKO,MAKALEKUHE,LINDONGAN 02,95855
7103090014000500,71,03,090,014,0005,SULAWESI UTARA,KEPULAUAN SANGIHE,TAHUNA,SANTIAGO,RT 05 LINGKUNGAN 3,95811
7103090014000200,71,03,090,014,0002,SULAWESI UTARA,KEPULAUAN SANGIHE,TAHUNA,SANTIAGO,RT 02 LINGKUNGAN 1,95811
7103100009000100,71,03,100,009,0001,SULAWESI UTARA,KEPULAUAN SANGIHE,TABUKAN UTARA,NAHASAHABE,LINDONGAN 01,95856
7103100009000400,71,03,100,009,0004,SULAWESI UTARA,KEPULAUAN SANGIHE,TABUKAN UTARA,NAHASAHABE,LINDONGAN 04,95856
7103060014000400,71,03,060,014,0004,SULAWESI UTARA,KEPULAUAN SANGIHE,TABUKAN SELATAN,LESABE,LINDONGAN 4,95858
7103091003000900,71,03,091,003,0009,SULAWESI UTARA,KEPULAUAN SANGIHE,TAHUNA TIMUR,TIDORE,RT 09 LINGKUNGAN 3,95814
7103040011000700,71,03,040,011,0007,SULAWESI UTARA,KEPULAUAN SANGIHE,MANGANITU SELATAN,LAINE,LINDONGAN 7,95854
7103050002000100,71,03,050,002,0001,SULAWESI UTARA,KEPULAUAN SANGIHE,TAMAKO,MAKALEKUHE,LINDONGAN 01,95855
7103070018000200,71,03,070,018,0002,SULAWESI UTARA,KEPULAUAN SANGIHE,TABUKAN TENGAH,KUMA I,LINDONGAN 02,95857
7103090014000800,71,03,090,014,0008,SULAWESI UTARA,KEPULAUAN SANGIHE,TAHUNA,SANTIAGO,RT 08 LINGKUNGAN 4,95811
7103091003000700,71,03,091,003,0007,SULAWESI UTARA,KEPULAUAN SANGIHE,TAHUNA TIMUR,TIDORE,RT 07 LINGKUNGAN 3,95814
7103100009000300,71,03,100,009,0003,SULAWESI UTARA,KEPULAUAN SANGIHE,TABUKAN UTARA,NAHASAHABE,LINDONGAN 03,95856
7103090014001000,71,03,090,014,0010,SULAWESI UTARA,KEPULAUAN SANGIHE,TAHUNA,SANTIAGO,RT 10 LINGKUNGAN 5,95811
7103062001000300,71,03,062,001,0003,SULAWESI UTARA,KEPULAUAN SANGIHE,TABUKAN SELATAN TENGGARA,PINTARENG,LINDONGAN 03,95850
7103050007000600,71,03,050,007,0006,SULAWESI UTARA,KEPULAUAN SANGIHE,TAMAKO,MENGGAWA I,LINDONGAN 06,95855
7103100009000200,71,03,100,009,0002,SULAWESI UTARA,KEPULAUAN SANGIHE,TABUKAN UTARA,NAHASAHABE,LINDONGAN 02,95856
7103080008000300,71,03,080,008,0003,SULAWESI UTARA,KEPULAUAN SANGIHE,MANGANITU,MALA,LINDONGAN 03,95853
7103040011000600,71,03,040,011,0006,SULAWESI UTARA,KEPULAUAN SANGIHE,MANGANITU SELATAN,LAINE,LINDONGAN 6,95854
7103110001000300,71,03,110,001,0003,SULAWESI UTARA,KEPULAUAN SANGIHE,KENDAHE,KENDAHE DUA,LINDONGAN 03,95852
7103080008000100,71,03,080,008,0001,SULAWESI UTARA,KEPULAUAN SANGIHE,MANGANITU,MALA,LINDONGAN 01,95853
7103080008200100,71,03,080,008,2001,SULAWESI UTARA,KEPULAUAN SANGIHE,MANGANITU,MALA,PULAU BUKIDE,95853
7103080009000400,71,03,080,009,0004,SULAWESI UTARA,KEPULAUAN SANGIHE,MANGANITU,MANUMPITAENG,LINDONGAN 04,95853
7103090014000400,71,03,090,014,0004,SULAWESI UTARA,KEPULAUAN SANGIHE,TAHUNA,SANTIAGO,RT 04 LINGKUNGAN 2,95811
7103091003001000,71,03,091,003,0010,SULAWESI UTARA,KEPULAUAN SANGIHE,TAHUNA TIMUR,TIDORE,RT 10 LINGKUNGAN 3,95814
7103091003000600,71,03,091,003,0006,SULAWESI UTARA,KEPULAUAN SANGIHE,TAHUNA TIMUR,TIDORE,RT 06 LINGKUNGAN 2,95814
7103092006000400,71,03,092,006,0004,SULAWESI UTARA,KEPULAUAN SANGIHE,TAHUNA BARAT,BEHA BARU,RT 04 LINGKUNGAN II,95815
7103110003000500,71,03,110,003,0005,SULAWESI UTARA,KEPULAUAN SANGIHE,KENDAHE,TALAWID,LINDONGAN 05,95852
7103110004000300,71,03,110,004,0003,SULAWESI UTARA,KEPULAUAN SANGIHE,KENDAHE,TARIANGLAMA,LINDONGAN 03,95852
7103060012000200,71,03,060,012,0002,SULAWESI UTARA,KEPULAUAN SANGIHE,TABUKAN SELATAN,PALARENG,LINDONGAN 2,95858
7103092005000300,71,03,092,005,0003,SULAWESI UTARA,KEPULAUAN SANGIHE,TAHUNA BARAT,AKEMBAWI,RT 03 LINGKUNGAN I,95818
7103061006000100,71,03,061,006,0001,SULAWESI UTARA,KEPULAUAN SANGIHE,TABUKAN SELATAN TENGAH,BOWONE,LINDONGAN 01,95859
7103041003000300,71,03,041,003,0003,SULAWESI UTARA,KEPULAUAN SANGIHE,TATOARENG,KAHAKITANG,LINDONGAN 3,95851
7103102002000100,71,03,102,002,0001,SULAWESI UTARA,KEPULAUAN SANGIHE,KEPULAUAN MARORE,MARORE,LINDONGAN 1,95841
7103090007000900,71,03,090,007,0009,SULAWESI UTARA,KEPULAUAN SANGIHE,TAHUNA,SAWANG BENDAR,RT 09 LINGKUNGAN 3,95812
7103041003000100,71,03,041,003,0001,SULAWESI UTARA,KEPULAUAN SANGIHE,TATOARENG,KAHAKITANG,LINDONGAN 1,95851
7103050007000200,71,03,050,007,0002,SULAWESI UTARA,KEPULAUAN SANGIHE,TAMAKO,MENGGAWA I,LINDONGAN 02,95855
7103100005000200,71,03,100,005,0002,SULAWESI UTARA,KEPULAUAN SANGIHE,TABUKAN UTARA,PETTA,LINDONGAN 02,95856
7103060021000300,71,03,060,021,0003,SULAWESI UTARA,KEPULAUAN SANGIHE,TABUKAN SELATAN,KALAGHENG,LINDONGAN 3,95858
7103110005000200,71,03,110,005,0002,SULAWESI UTARA,KEPULAUAN SANGIHE,KENDAHE,PEMPALARAENG,LINDONGAN 02,95852
7103041004000200,71,03,041,004,0002,SULAWESI UTARA,KEPULAUAN SANGIHE,TATOARENG,KALAMA,LINDONGAN 2,95851
7103070018000100,71,03,070,018,0001,SULAWESI UTARA,KEPULAUAN SANGIHE,TABUKAN TENGAH,KUMA I,LINDONGAN 01,95857
7103062001000500,71,03,062,001,0005,SULAWESI UTARA,KEPULAUAN SANGIHE,TABUKAN SELATAN TENGGARA,PINTARENG,LINDONGAN 05,95850
7103092005000200,71,03,092,005,0002,SULAWESI UTARA,KEPULAUAN SANGIHE,TAHUNA BARAT,AKEMBAWI,RT 02 LINGKUNGAN I,95818
7103110006000100,71,03,110,006,0001,SULAWESI UTARA,KEPULAUAN SANGIHE,KENDAHE,MOHONGSAWANG,LINDONGAN 01,95852
7103090007000400,71,03,090,007,0004,SULAWESI UTARA,KEPULAUAN SANGIHE,TAHUNA,SAWANG BENDAR,RT 04 LINGKUNGAN 2,95812
7103050007000300,71,03,050,007,0003,SULAWESI UTARA,KEPULAUAN SANGIHE,TAMAKO,MENGGAWA I,LINDONGAN 03,95855
7103070017000100,71,03,070,017,0001,SULAWESI UTARA,KEPULAUAN SANGIHE,TABUKAN TENGAH,MALUENG,LINDONGAN 1,95857
7103070017000200,71,03,070,017,0002,SULAWESI UTARA,KEPULAUAN SANGIHE,TABUKAN TENGAH,MALUENG,LINDONGAN 2,95857
7103080009000100,71,03,080,009,0001,SULAWESI UTARA,KEPULAUAN SANGIHE,MANGANITU,MANUMPITAENG,LINDONGAN 01,95853
7103091004001000,71,03,091,004,0010,SULAWESI UTARA,KEPULAUAN SANGIHE,TAHUNA TIMUR,TONA I,RT 10 LINGKUNGAN 5,95815
7103110003100100,71,03,110,003,1001,SULAWESI UTARA,KEPULAUAN SANGIHE,KENDAHE,TALAWID,KEBUN,95852
7103040011000400,71,03,040,011,0004,SULAWESI UTARA,KEPULAUAN SANGIHE,MANGANITU SELATAN,LAINE,LINDONGAN 4,95854
7103050007000400,71,03,050,007,0004,SULAWESI UTARA,KEPULAUAN SANGIHE,TAMAKO,MENGGAWA I,LINDONGAN 04,95855
7103100005000500,71,03,100,005,0005,SULAWESI UTARA,KEPULAUAN SANGIHE,TABUKAN UTARA,PETTA,LINDONGAN 05,95856
7103090007000700,71,03,090,007,0007,SULAWESI UTARA,KEPULAUAN SANGIHE,TAHUNA,SAWANG BENDAR,RT 07 LINGKUNGAN 3,95812
7103101004200300,71,03,101,004,2003,SULAWESI UTARA,KEPULAUAN SANGIHE,NUSA TABUKAN,BUKIDE TIMUR,PULAU BUANG,95842
7103100005000100,71,03,100,005,0001,SULAWESI UTARA,KEPULAUAN SANGIHE,TABUKAN UTARA,PETTA,LINDONGAN 01,95856
7103092005000100,71,03,092,005,0001,SULAWESI UTARA,KEPULAUAN SANGIHE,TAHUNA BARAT,AKEMBAWI,RT 01 LINGKUNGAN I,95818
7103062001000600,71,03,062,001,0006,SULAWESI UTARA,KEPULAUAN SANGIHE,TABUKAN SELATAN TENGGARA,PINTARENG,LINDONGAN 06,95850
7103080009000200,71,03,080,009,0002,SULAWESI UTARA,KEPULAUAN SANGIHE,MANGANITU,MANUMPITAENG,LINDONGAN 02,95853
7103090007001102,71,03,090,007,0011,SULAWESI UTARA,KEPULAUAN SANGIHE,TAHUNA,SAWANG BENDAR,RT 11 LINGKUNGAN 4,95812
7103091004000300,71,03,091,004,0003,SULAWESI UTARA,KEPULAUAN SANGIHE,TAHUNA TIMUR,TONA I,RT 03 LINGKUNGAN 2,95815
7103102003000200,71,03,102,003,0002,SULAWESI UTARA,KEPULAUAN SANGIHE,KEPULAUAN MARORE,MATUTUANG,LINDONGAN 2,95841
7103080009000300,71,03,080,009,0003,SULAWESI UTARA,KEPULAUAN SANGIHE,MANGANITU,MANUMPITAENG,LINDONGAN 03,95853
7103040011000500,71,03,040,011,0005,SULAWESI UTARA,KEPULAUAN SANGIHE,MANGANITU SELATAN,LAINE,LINDONGAN 5,95854
7103070007000100,71,03,070,007,0001,SULAWESI UTARA,KEPULAUAN SANGIHE,TABUKAN TENGAH,MIULU,LINDONGAN 1,95857
7103090007000500,71,03,090,007,0005,SULAWESI UTARA,KEPULAUAN SANGIHE,TAHUNA,SAWANG BENDAR,RT 05 LINGKUNGAN 2,95812
7103092001000500,71,03,092,001,0005,SULAWESI UTARA,KEPULAUAN SANGIHE,TAHUNA BARAT,PANANEKENG,RT 05 LINGKUNGAN III,95811
7103050007000100,71,03,050,007,0001,SULAWESI UTARA,KEPULAUAN SANGIHE,TAMAKO,MENGGAWA I,LINDONGAN 01,95855
7103050007000500,71,03,050,007,0005,SULAWESI UTARA,KEPULAUAN SANGIHE,TAMAKO,MENGGAWA I,LINDONGAN 05,95855
7103061004000300,71,03,061,004,0003,SULAWESI UTARA,KEPULAUAN SANGIHE,TABUKAN SELATAN TENGAH,SALURANG,LINDONGAN 03,95859
7103091004000600,71,03,091,004,0006,SULAWESI UTARA,KEPULAUAN SANGIHE,TAHUNA TIMUR,TONA I,RT 06 LINGKUNGAN 3,95815
7103060021000100,71,03,060,021,0001,SULAWESI UTARA,KEPULAUAN SANGIHE,TABUKAN SELATAN,KALAGHENG,LINDONGAN 1,95858
7103090007001300,71,03,090,007,0013,SULAWESI UTARA,KEPULAUAN SANGIHE,TAHUNA,SAWANG BENDAR,RT 13 LINGKUNGAN 4,95812
7103070007000400,71,03,070,007,0004,SULAWESI UTARA,KEPULAUAN SANGIHE,TABUKAN TENGAH,MIULU,LINDONGAN 4,95857
7103040010000400,71,03,040,010,0004,SULAWESI UTARA,KEPULAUAN SANGIHE,MANGANITU SELATAN,LAPANGO,LINDONGAN 4,95854
7103080012000300,71,03,080,012,0003,SULAWESI UTARA,KEPULAUAN SANGIHE,MANGANITU,NAHEPESE,LINDONGAN 03,95853
7103050015000400,71,03,050,015,0004,SULAWESI UTARA,KEPULAUAN SANGIHE,TAMAKO,MENGGAWA II,LINDONGAN 04,95855
7103100005000300,71,03,100,005,0003,SULAWESI UTARA,KEPULAUAN SANGIHE,TABUKAN UTARA,PETTA,LINDONGAN 03,95856
7103062001000700,71,03,062,001,0007,SULAWESI UTARA,KEPULAUAN SANGIHE,TABUKAN SELATAN TENGGARA,PINTARENG,LINDONGAN 07,95850
7103080012000200,71,03,080,012,0002,SULAWESI UTARA,KEPULAUAN SANGIHE,MANGANITU,NAHEPESE,LINDONGAN 02,95853
7103090007000100,71,03,090,007,0001,SULAWESI UTARA,KEPULAUAN SANGIHE,TAHUNA,SAWANG BENDAR,RT 01 LINGKUNGAN 1,95812
7103101001000400,71,03,101,001,0004,SULAWESI UTARA,KEPULAUAN SANGIHE,NUSA TABUKAN,NUSA,LINDONGAN 04,95842
7103060017000200,71,03,060,017,0002,SULAWESI UTARA,KEPULAUAN SANGIHE,TABUKAN SELATAN,BUKIDE,LINDONGAN 2,95858
7103100005000400,71,03,100,005,0004,SULAWESI UTARA,KEPULAUAN SANGIHE,TABUKAN UTARA,PETTA,LINDONGAN 04,95856
7103100023000200,71,03,100,023,0002,SULAWESI UTARA,KEPULAUAN SANGIHE,TABUKAN UTARA,PETTA BARAT,LINDONGAN 02,95856
7103050015000300,71,03,050,015,0003,SULAWESI UTARA,KEPULAUAN SANGIHE,TAMAKO,MENGGAWA II,LINDONGAN 03,95855
7103040010000101,71,03,040,010,0001,SULAWESI UTARA,KEPULAUAN SANGIHE,MANGANITU SELATAN,LAPANGO,LINDONGAN 1,95854
7103070007000300,71,03,070,007,0003,SULAWESI UTARA,KEPULAUAN SANGIHE,TABUKAN TENGAH,MIULU,LINDONGAN 3,95857
7103101001000500,71,03,101,001,0005,SULAWESI UTARA,KEPULAUAN SANGIHE,NUSA TABUKAN,NUSA,LINDONGAN 05,95842
7103061009000100,71,03,061,009,0001,SULAWESI UTARA,KEPULAUAN SANGIHE,TABUKAN SELATAN TENGAH,AHA PATUNG,LINDONGAN 01,95859
7103080012000100,71,03,080,012,0001,SULAWESI UTARA,KEPULAUAN SANGIHE,MANGANITU,NAHEPESE,LINDONGAN 01,95853
7103090007001000,71,03,090,007,0010,SULAWESI UTARA,KEPULAUAN SANGIHE,TAHUNA,SAWANG BENDAR,RT 10 LINGKUNGAN 4,95812
7103091004000500,71,03,091,004,0005,SULAWESI UTARA,KEPULAUAN SANGIHE,TAHUNA TIMUR,TONA I,RT 05 LINGKUNGAN 3,95815
7103050015000100,71,03,050,015,0001,SULAWESI UTARA,KEPULAUAN SANGIHE,TAMAKO,MENGGAWA II,LINDONGAN 01,95855
7103060020000300,71,03,060,020,0003,SULAWESI UTARA,KEPULAUAN SANGIHE,TABUKAN SELATAN,LESABE I,LINDONGAN 3,95858
7103070007000200,71,03,070,007,0002,SULAWESI UTARA,KEPULAUAN SANGIHE,TABUKAN TENGAH,MIULU,LINDONGAN 2,95857
7103091004000400,71,03,091,004,0004,SULAWESI UTARA,KEPULAUAN SANGIHE,TAHUNA TIMUR,TONA I,RT 04 LINGKUNGAN 2,95815
7103091004000900,71,03,091,004,0009,SULAWESI UTARA,KEPULAUAN SANGIHE,TAHUNA TIMUR,TONA I,RT 09 LINGKUNGAN 5,95815
7103101001000600,71,03,101,001,0006,SULAWESI UTARA,KEPULAUAN SANGIHE,NUSA TABUKAN,NUSA,LINDONGAN 06,95842
7103102001000300,71,03,102,001,0003,SULAWESI UTARA,KEPULAUAN SANGIHE,KEPULAUAN MARORE,KAWIO,LINDONGAN 3,95841
7103040010000300,71,03,040,010,0003,SULAWESI UTARA,KEPULAUAN SANGIHE,MANGANITU SELATAN,LAPANGO,LINDONGAN 3,95854
7103060008000300,71,03,060,008,0003,SULAWESI UTARA,KEPULAUAN SANGIHE,TABUKAN SELATAN,MALAMENGGU,LINDONGAN 3,95858
7103040010000200,71,03,040,010,0002,SULAWESI UTARA,KEPULAUAN SANGIHE,MANGANITU SELATAN,LAPANGO,LINDONGAN 2,95854
7103100023000300,71,03,100,023,0003,SULAWESI UTARA,KEPULAUAN SANGIHE,TABUKAN UTARA,PETTA BARAT,LINDONGAN 03,95856
7103090007000600,71,03,090,007,0006,SULAWESI UTARA,KEPULAUAN SANGIHE,TAHUNA,SAWANG BENDAR,RT 06 LINGKUNGAN 2,95812
7103050015000200,71,03,050,015,0002,SULAWESI UTARA,KEPULAUAN SANGIHE,TAMAKO,MENGGAWA II,LINDONGAN 02,95855
7103090007000800,71,03,090,007,0008,SULAWESI UTARA,KEPULAUAN SANGIHE,TAHUNA,SAWANG BENDAR,RT 08 LINGKUNGAN 3,95812
7103050012000500,71,03,050,012,0005,SULAWESI UTARA,KEPULAUAN SANGIHE,TAMAKO,NAGHA DUA,LINDONGAN 05,95855
7103080016000200,71,03,080,016,0002,SULAWESI UTARA,KEPULAUAN SANGIHE,MANGANITU,PINEBENTENGAN,LINDONGAN 02,95853
7103070014000100,71,03,070,014,0001,SULAWESI UTARA,KEPULAUAN SANGIHE,TABUKAN TENGAH,PALAHANAENG,LINDONGAN 01,95857
7103090007001200,71,03,090,007,0012,SULAWESI UTARA,KEPULAUAN SANGIHE,TAHUNA,SAWANG BENDAR,RT 12 LINGKUNGAN 4,95812
7103100023000100,71,03,100,023,0001,SULAWESI UTARA,KEPULAUAN SANGIHE,TABUKAN UTARA,PETTA BARAT,LINDONGAN 01,95856
7103080016000100,71,03,080,016,0001,SULAWESI UTARA,KEPULAUAN SANGIHE,MANGANITU,PINEBENTENGAN,LINDONGAN 01,95853
7103090007000200,71,03,090,007,0002,SULAWESI UTARA,KEPULAUAN SANGIHE,TAHUNA,SAWANG BENDAR,RT 02 LINGKUNGAN 1,95812
7103101004000300,71,03,101,004,0003,SULAWESI UTARA,KEPULAUAN SANGIHE,NUSA TABUKAN,BUKIDE TIMUR,LINDONGAN 003,95842
7103110004100100,71,03,110,004,1001,SULAWESI UTARA,KEPULAUAN SANGIHE,KENDAHE,TARIANGLAMA,KEBUN,95852
7103040010000102,71,03,040,010,0001,SULAWESI UTARA,KEPULAUAN SANGIHE,MANGANITU SELATAN,LAPANGO,LINDONGAN 1,95854
7103090007000300,71,03,090,007,0003,SULAWESI UTARA,KEPULAUAN SANGIHE,TAHUNA,SAWANG BENDAR,RT 03 LINGKUNGAN 1,95812
7103062001000100,71,03,062,001,0001,SULAWESI UTARA,KEPULAUAN SANGIHE,TABUKAN SELATAN TENGGARA,PINTARENG,LINDONGAN 01,95850
7103080016000300,71,03,080,016,0003,SULAWESI UTARA,KEPULAUAN SANGIHE,MANGANITU,PINEBENTENGAN,LINDONGAN 03,95853
7103101004200100,71,03,101,004,2001,SULAWESI UTARA,KEPULAUAN SANGIHE,NUSA TABUKAN,BUKIDE TIMUR,PULAU HINGISE,95842
7103050012000300,71,03,050,012,0003,SULAWESI UTARA,KEPULAUAN SANGIHE,TAMAKO,NAGHA DUA,LINDONGAN 03,95855
7103050012000400,71,03,050,012,0004,SULAWESI UTARA,KEPULAUAN SANGIHE,TAMAKO,NAGHA DUA,LINDONGAN 04,95855
7103040017000300,71,03,040,017,0003,SULAWESI UTARA,KEPULAUAN SANGIHE,MANGANITU SELATAN,LAPANGO I,LINDONGAN 3,95854
7103092004000300,71,03,092,004,0003,SULAWESI UTARA,KEPULAUAN SANGIHE,TAHUNA BARAT,BEHA,RT 03 LINGKUNGAN II,95818
7103070014000200,71,03,070,014,0002,SULAWESI UTARA,KEPULAUAN SANGIHE,TABUKAN TENGAH,PALAHANAENG,LINDONGAN 02,95857
7103050012000100,71,03,050,012,0001,SULAWESI UTARA,KEPULAUAN SANGIHE,TAMAKO,NAGHA DUA,LINDONGAN 01,95855
7103091004000200,71,03,091,004,0002,SULAWESI UTARA,KEPULAUAN SANGIHE,TAHUNA TIMUR,TONA I,RT 02 LINGKUNGAN 1,95815
7103070016000200,71,03,070,016,0002,SULAWESI UTARA,KEPULAUAN SANGIHE,TABUKAN TENGAH,PALELANGEN,LINDONGAN 02,95857
7103070016000100,71,03,070,016,0001,SULAWESI UTARA,KEPULAUAN SANGIHE,TABUKAN TENGAH,PALELANGEN,LINDONGAN 01,95857
7103110007000200,71,03,110,007,0002,SULAWESI UTARA,KEPULAUAN SANGIHE,KENDAHE,LIPAENG,LINDONGAN 02,95852
7103102002000300,71,03,102,002,0003,SULAWESI UTARA,KEPULAUAN SANGIHE,KEPULAUAN MARORE,MARORE,LINDONGAN 3,95841
7103040017000200,71,03,040,017,0002,SULAWESI UTARA,KEPULAUAN SANGIHE,MANGANITU SELATAN,LAPANGO I,LINDONGAN 2,95854
7103092005000500,71,03,092,005,0005,SULAWESI UTARA,KEPULAUAN SANGIHE,TAHUNA BARAT,AKEMBAWI,RT 05 LINGKUNGAN II,95818
7103060018000300,71,03,060,018,0003,SULAWESI UTARA,KEPULAUAN SANGIHE,TABUKAN SELATAN,LAOTONGAN,LINDONGAN 3,95858
7103070011000100,71,03,070,011,0001,SULAWESI UTARA,KEPULAUAN SANGIHE,TABUKAN TENGAH,RENDINGAN,LINDONGAN 1,95857
7103080004200100,71,03,080,004,2001,SULAWESI UTARA,KEPULAUAN SANGIHE,MANGANITU,SESIWUNG,HUTAN,95853
7103061007000200,71,03,061,007,0002,SULAWESI UTARA,KEPULAUAN SANGIHE,TABUKAN SELATAN TENGAH,BEENG LAUT,LINDONGAN 02,95859
7103110008000100,71,03,110,008,0001,SULAWESI UTARA,KEPULAUAN SANGIHE,KENDAHE,KAWALUSO,LINDONGAN 01,95852
7103102003000100,71,03,102,003,0001,SULAWESI UTARA,KEPULAUAN SANGIHE,KEPULAUAN MARORE,MATUTUANG,LINDONGAN 1,95841
7103050012000200,71,03,050,012,0002,SULAWESI UTARA,KEPULAUAN SANGIHE,TAMAKO,NAGHA DUA,LINDONGAN 02,95855
7103090007001101,71,03,090,007,0011,SULAWESI UTARA,KEPULAUAN SANGIHE,TAHUNA,SAWANG BENDAR,RT 11 LINGKUNGAN 4,95812
7103100022000100,71,03,100,022,0001,SULAWESI UTARA,KEPULAUAN SANGIHE,TABUKAN UTARA,PETTA SELATAN,LINDONGAN 01,95856
7103070011000200,71,03,070,011,0002,SULAWESI UTARA,KEPULAUAN SANGIHE,TABUKAN TENGAH,RENDINGAN,LINDONGAN 2,95857
7103070013000300,71,03,070,013,0003,SULAWESI UTARA,KEPULAUAN SANGIHE,TABUKAN TENGAH,SENSONG,LINDONGAN 3,95857
7103060013000200,71,03,060,013,0002,SULAWESI UTARA,KEPULAUAN SANGIHE,TABUKAN SELATAN,BATUWINGKUNG,LINDONGAN 2,95858
7103092004000100,71,03,092,004,0001,SULAWESI UTARA,KEPULAUAN SANGIHE,TAHUNA BARAT,BEHA,RT 01 LINGKUNGAN I,95818
7103080004000500,71,03,080,004,0005,SULAWESI UTARA,KEPULAUAN SANGIHE,MANGANITU,SESIWUNG,LINDONGAN 05,95853
7103040017000400,71,03,040,017,0004,SULAWESI UTARA,KEPULAUAN SANGIHE,MANGANITU SELATAN,LAPANGO I,LINDONGAN 4,95854
7103080004000100,71,03,080,004,0001,SULAWESI UTARA,KEPULAUAN SANGIHE,MANGANITU,SESIWUNG,LINDONGAN 01,95853
7103090010000800,71,03,090,010,0008,SULAWESI UTARA,KEPULAUAN SANGIHE,TAHUNA,SOATALOARA l,RT 08 LINGKUNGAN 3,95813
7103040017000100,71,03,040,017,0001,SULAWESI UTARA,KEPULAUAN SANGIHE,MANGANITU SELATAN,LAPANGO I,LINDONGAN 1,95854
7103070013000200,71,03,070,013,0002,SULAWESI UTARA,KEPULAUAN SANGIHE,TABUKAN TENGAH,SENSONG,LINDONGAN 2,95857
7103090010000600,71,03,090,010,0006,SULAWESI UTARA,KEPULAUAN SANGIHE,TAHUNA,SOATALOARA l,RT 06 LINGKUNGAN 3,95813
7103062005000100,71,03,062,005,0001,SULAWESI UTARA,KEPULAUAN SANGIHE,TABUKAN SELATAN TENGGARA,SAMPAKANG,LINDONGAN 01,95850
7103100022000300,71,03,100,022,0003,SULAWESI UTARA,KEPULAUAN SANGIHE,TABUKAN UTARA,PETTA SELATAN,LINDONGAN 03,95856
7103100022000200,71,03,100,022,0002,SULAWESI UTARA,KEPULAUAN SANGIHE,TABUKAN UTARA,PETTA SELATAN,LINDONGAN 02,95856
7103080004000200,71,03,080,004,0002,SULAWESI UTARA,KEPULAUAN SANGIHE,MANGANITU,SESIWUNG,LINDONGAN 02,95853
7103102001000200,71,03,102,001,0002,SULAWESI UTARA,KEPULAUAN SANGIHE,KEPULAUAN MARORE,KAWIO,LINDONGAN 2,95841
7103050011000102,71,03,050,011,0001,SULAWESI UTARA,KEPULAUAN SANGIHE,TAMAKO,NAGHA SATU,LINDONGAN 01,95855
7103061004000500,71,03,061,004,0005,SULAWESI UTARA,KEPULAUAN SANGIHE,TABUKAN SELATAN TENGAH,SALURANG,LINDONGAN 05,95859
7103091004001100,71,03,091,004,0011,SULAWESI UTARA,KEPULAUAN SANGIHE,TAHUNA TIMUR,TONA I,RT 11 LINGKUNGAN 5,95815
7103091004000700,71,03,091,004,0007,SULAWESI UTARA,KEPULAUAN SANGIHE,TAHUNA TIMUR,TONA I,RT 07 LINGKUNGAN 4,95815
7103040014000300,71,03,040,014,0003,SULAWESI UTARA,KEPULAUAN SANGIHE,MANGANITU SELATAN,LAPEPAHE,LINDONGAN 3,95854
7103040014000200,71,03,040,014,0002,SULAWESI UTARA,KEPULAUAN SANGIHE,MANGANITU SELATAN,LAPEPAHE,LINDONGAN 2,95854
7103040014000100,71,03,040,014,0001,SULAWESI UTARA,KEPULAUAN SANGIHE,MANGANITU SELATAN,LAPEPAHE,LINDONGAN 1,95854
7103040016000100,71,03,040,016,0001,SULAWESI UTARA,KEPULAUAN SANGIHE,MANGANITU SELATAN,LEHIMI TARIANG,LINDONGAN 1,95854
7103090010000200,71,03,090,010,0002,SULAWESI UTARA,KEPULAUAN SANGIHE,TAHUNA,SOATALOARA l,RT 02 LINGKUNGAN 1,95813
7103060009000100,71,03,060,009,0001,SULAWESI UTARA,KEPULAUAN SANGIHE,TABUKAN SELATAN,BIRAHI,LINDONGAN 1,95858
7103101005000200,71,03,101,005,0002,SULAWESI UTARA,KEPULAUAN SANGIHE,NUSA TABUKAN,NANUSA,LINDONGAN 002,95842
7103040016000200,71,03,040,016,0002,SULAWESI UTARA,KEPULAUAN SANGIHE,MANGANITU SELATAN,LEHIMI TARIANG,LINDONGAN 2,95854
7103050011000200,71,03,050,011,0002,SULAWESI UTARA,KEPULAUAN SANGIHE,TAMAKO,NAGHA SATU,LINDONGAN 02,95855
7103050011000300,71,03,050,011,0003,SULAWESI UTARA,KEPULAUAN SANGIHE,TAMAKO,NAGHA SATU,LINDONGAN 03,95855
7103070013000100,71,03,070,013,0001,SULAWESI UTARA,KEPULAUAN SANGIHE,TABUKAN TENGAH,SENSONG,LINDONGAN 1,95857
7103092002000100,71,03,092,002,0001,SULAWESI UTARA,KEPULAUAN SANGIHE,TAHUNA BARAT,ANGGES,RT 01 LINGKUNGAN I,95817
7103070009000300,71,03,070,009,0003,SULAWESI UTARA,KEPULAUAN SANGIHE,TABUKAN TENGAH,TALENGEN,LINDONGAN 3,95857
7103090010000400,71,03,090,010,0004,SULAWESI UTARA,KEPULAUAN SANGIHE,TAHUNA,SOATALOARA l,RT 04 LINGKUNGAN 2,95813
7103080004000400,71,03,080,004,0004,SULAWESI UTARA,KEPULAUAN SANGIHE,MANGANITU,SESIWUNG,LINDONGAN 04,95853
7103100021000200,71,03,100,021,0002,SULAWESI UTARA,KEPULAUAN SANGIHE,TABUKAN UTARA,PETTA TIMUR,LINDONGAN 02,95856
7103080004000300,71,03,080,004,0003,SULAWESI UTARA,KEPULAUAN SANGIHE,MANGANITU,SESIWUNG,LINDONGAN 03,95853
7103090010000700,71,03,090,010,0007,SULAWESI UTARA,KEPULAUAN SANGIHE,TAHUNA,SOATALOARA l,RT 07 LINGKUNGAN 3,95813
7103100021000400,71,03,100,021,0004,SULAWESI UTARA,KEPULAUAN SANGIHE,TABUKAN UTARA,PETTA TIMUR,LINDONGAN 04,95856
7103100021000100,71,03,100,021,0001,SULAWESI UTARA,KEPULAUAN SANGIHE,TABUKAN UTARA,PETTA TIMUR,LINDONGAN 01,95856
7103060018000100,71,03,060,018,0001,SULAWESI UTARA,KEPULAUAN SANGIHE,TABUKAN SELATAN,LAOTONGAN,LINDONGAN 1,95858
7103110004000200,71,03,110,004,0002,SULAWESI UTARA,KEPULAUAN SANGIHE,KENDAHE,TARIANGLAMA,LINDONGAN 02,95852
7103040013000100,71,03,040,013,0001,SULAWESI UTARA,KEPULAUAN SANGIHE,MANGANITU SELATAN,MAWIRA,LINDONGAN 1,95854
7103090010000500,71,03,090,010,0005,SULAWESI UTARA,KEPULAUAN SANGIHE,TAHUNA,SOATALOARA l,RT 05 LINGKUNGAN 2,95813
7103050011000101,71,03,050,011,0001,SULAWESI UTARA,KEPULAUAN SANGIHE,TAMAKO,NAGHA SATU,LINDONGAN 01,95855
7103062005000200,71,03,062,005,0002,SULAWESI UTARA,KEPULAUAN SANGIHE,TABUKAN SELATAN TENGGARA,SAMPAKANG,LINDONGAN 02,95850
7103041004000500,71,03,041,004,0005,SULAWESI UTARA,KEPULAUAN SANGIHE,TATOARENG,KALAMA,LINDONGAN 5,95851
7103100021000300,71,03,100,021,0003,SULAWESI UTARA,KEPULAUAN SANGIHE,TABUKAN UTARA,PETTA TIMUR,LINDONGAN 03,95856
7103090010000300,71,03,090,010,0003,SULAWESI UTARA,KEPULAUAN SANGIHE,TAHUNA,SOATALOARA l,RT 03 LINGKUNGAN 1,95813
7103091004000100,71,03,091,004,0001,SULAWESI UTARA,KEPULAUAN SANGIHE,TAHUNA TIMUR,TONA I,RT 01 LINGKUNGAN 1,95815
7103091004000800,71,03,091,004,0008,SULAWESI UTARA,KEPULAUAN SANGIHE,TAHUNA TIMUR,TONA I,RT 08 LINGKUNGAN 4,95815
7103092004000200,71,03,092,004,0002,SULAWESI UTARA,KEPULAUAN SANGIHE,TAHUNA BARAT,BEHA,RT 02 LINGKUNGAN I,95818
7103092005000700,71,03,092,005,0007,SULAWESI UTARA,KEPULAUAN SANGIHE,TAHUNA BARAT,AKEMBAWI,RT 07 LINGKUNGAN III,95818
7103050005000500,71,03,050,005,0005,SULAWESI UTARA,KEPULAUAN SANGIHE,TAMAKO,PANANARU,LINDONGAN 05,95855
7103060017000100,71,03,060,017,0001,SULAWESI UTARA,KEPULAUAN SANGIHE,TABUKAN SELATAN,BUKIDE,LINDONGAN 1,95858
7103040013000200,71,03,040,013,0002,SULAWESI UTARA,KEPULAUAN SANGIHE,MANGANITU SELATAN,MAWIRA,LINDONGAN 2,95854
7103092001000100,71,03,092,001,0001,SULAWESI UTARA,KEPULAUAN SANGIHE,TAHUNA BARAT,PANANEKENG,RT 01 LINGKUNGAN I,95811
7103080010000200,71,03,080,010,0002,SULAWESI UTARA,KEPULAUAN SANGIHE,MANGANITU,TALOARANE,LINDONGAN 02,95853
7103040007000200,71,03,040,007,0002,SULAWESI UTARA,KEPULAUAN SANGIHE,MANGANITU SELATAN,NGALIPAENG DUA,LINDONGAN 2,95854
7103090010000100,71,03,090,010,0001,SULAWESI UTARA,KEPULAUAN SANGIHE,TAHUNA,SOATALOARA l,RT 01 LINGKUNGAN 1,95813
7103060010000200,71,03,060,010,0002,SULAWESI UTARA,KEPULAUAN SANGIHE,TABUKAN SELATAN,BINEBAS,LINDONGAN 2,95858
7103060006000200,71,03,060,006,0002,SULAWESI UTARA,KEPULAUAN SANGIHE,TABUKAN SELATAN,MANDOI,LINDONGAN 2,95858
7103090011000200,71,03,090,011,0002,SULAWESI UTARA,KEPULAUAN SANGIHE,TAHUNA,SOATALOARA ll,RT 02 LINGKUNGAN 1,95813
7103091008000200,71,03,091,008,0002,SULAWESI UTARA,KEPULAUAN SANGIHE,TAHUNA TIMUR,TONA II,RT 02 LINGKUNGAN 1,95815
7103101002000100,71,03,101,002,0001,SULAWESI UTARA,KEPULAUAN SANGIHE,NUSA TABUKAN,NANEDAKELE,LINDONGAN 001,95842
7103110006000500,71,03,110,006,0005,SULAWESI UTARA,KEPULAUAN SANGIHE,KENDAHE,MOHONGSAWANG,LINDONGAN 05,95852
7103110003000400,71,03,110,003,0004,SULAWESI UTARA,KEPULAUAN SANGIHE,KENDAHE,TALAWID,LINDONGAN 04,95852
7103041006000100,71,03,041,006,0001,SULAWESI UTARA,KEPULAUAN SANGIHE,TATOARENG,TALEKO BATUSAIKI,LINDONGAN 1,95851
7103110005000300,71,03,110,005,0003,SULAWESI UTARA,KEPULAUAN SANGIHE,KENDAHE,PEMPALARAENG,LINDONGAN 03,95852
7103100019000100,71,03,100,019,0001,SULAWESI UTARA,KEPULAUAN SANGIHE,TABUKAN UTARA,PUSUNGE,LINDONGAN 01,95856
7103100019000200,71,03,100,019,0002,SULAWESI UTARA,KEPULAUAN SANGIHE,TABUKAN UTARA,PUSUNGE,LINDONGAN 02,95856
7103070009000200,71,03,070,009,0002,SULAWESI UTARA,KEPULAUAN SANGIHE,TABUKAN TENGAH,TALENGEN,LINDONGAN 2,95857
7103110008100100,71,03,110,008,1001,SULAWESI UTARA,KEPULAUAN SANGIHE,KENDAHE,KAWALUSO,KEBUN,95852
7103040007000100,71,03,040,007,0001,SULAWESI UTARA,KEPULAUAN SANGIHE,MANGANITU SELATAN,NGALIPAENG DUA,LINDONGAN 1,95854
7103070009000100,71,03,070,009,0001,SULAWESI UTARA,KEPULAUAN SANGIHE,TABUKAN TENGAH,TALENGEN,LINDONGAN 1,95857
7103061009000300,71,03,061,009,0003,SULAWESI UTARA,KEPULAUAN SANGIHE,TABUKAN SELATAN TENGAH,AHA PATUNG,LINDONGAN 03,95859
7103090011000300,71,03,090,011,0003,SULAWESI UTARA,KEPULAUAN SANGIHE,TAHUNA,SOATALOARA ll,RT 03 LINGKUNGAN 1,95813
7103091008000100,71,03,091,008,0001,SULAWESI UTARA,KEPULAUAN SANGIHE,TAHUNA TIMUR,TONA II,RT 01 LINGKUNGAN 1,95815
7103070009000400,71,03,070,009,0004,SULAWESI UTARA,KEPULAUAN SANGIHE,TABUKAN TENGAH,TALENGEN,LINDONGAN 4,95857
7103041006000400,71,03,041,006,0004,SULAWESI UTARA,KEPULAUAN SANGIHE,TATOARENG,TALEKO BATUSAIKI,LINDONGAN 4,95851
7103100025000100,71,03,100,025,0001,SULAWESI UTARA,KEPULAUAN SANGIHE,TABUKAN UTARA,RAKU,LINDONGAN 01,95856
7103100025000200,71,03,100,025,0002,SULAWESI UTARA,KEPULAUAN SANGIHE,TABUKAN UTARA,RAKU,LINDONGAN 02,95856
7103100025000300,71,03,100,025,0003,SULAWESI UTARA,KEPULAUAN SANGIHE,TABUKAN UTARA,RAKU,LINDONGAN 03,95856
7103080010000100,71,03,080,010,0001,SULAWESI UTARA,KEPULAUAN SANGIHE,MANGANITU,TALOARANE,LINDONGAN 01,95853
7103090011001100,71,03,090,011,0011,SULAWESI UTARA,KEPULAUAN SANGIHE,TAHUNA,SOATALOARA ll,RT 11 LINGKUNGAN 4,95813
7103080010000300,71,03,080,010,0003,SULAWESI UTARA,KEPULAUAN SANGIHE,MANGANITU,TALOARANE,LINDONGAN 03,95853
7103080010000400,71,03,080,010,0004,SULAWESI UTARA,KEPULAUAN SANGIHE,MANGANITU,TALOARANE,LINDONGAN 04,95853
7103101001000300,71,03,101,001,0003,SULAWESI UTARA,KEPULAUAN SANGIHE,NUSA TABUKAN,NUSA,LINDONGAN 03,95842
7103091008000700,71,03,091,008,0007,SULAWESI UTARA,KEPULAUAN SANGIHE,TAHUNA TIMUR,TONA II,RT 07 LINGKUNGAN 3,95815
7103062005000300,71,03,062,005,0003,SULAWESI UTARA,KEPULAUAN SANGIHE,TABUKAN SELATAN TENGGARA,SAMPAKANG,LINDONGAN 03,95850
7103061008000200,71,03,061,008,0002,SULAWESI UTARA,KEPULAUAN SANGIHE,TABUKAN SELATAN TENGAH,TENDA,LINDONGAN 02,95859
7103050005000200,71,03,050,005,0002,SULAWESI UTARA,KEPULAUAN SANGIHE,TAMAKO,PANANARU,LINDONGAN 02,95855
7103041006000300,71,03,041,006,0003,SULAWESI UTARA,KEPULAUAN SANGIHE,TATOARENG,TALEKO BATUSAIKI,LINDONGAN 3,95851
7103061005000200,71,03,061,005,0002,SULAWESI UTARA,KEPULAUAN SANGIHE,TABUKAN SELATAN TENGAH,HANGKE,LINDONGAN 02,95859
7103050005000100,71,03,050,005,0001,SULAWESI UTARA,KEPULAUAN SANGIHE,TAMAKO,PANANARU,LINDONGAN 01,95855
7103050005000400,71,03,050,005,0004,SULAWESI UTARA,KEPULAUAN SANGIHE,TAMAKO,PANANARU,LINDONGAN 04,95855
7103110007000100,71,03,110,007,0001,SULAWESI UTARA,KEPULAUAN SANGIHE,KENDAHE,LIPAENG,LINDONGAN 01,95852
7103100002000200,71,03,100,002,0002,SULAWESI UTARA,KEPULAUAN SANGIHE,TABUKAN UTARA,TAROLANG,LINDONGAN 02,95856
7103091008000300,71,03,091,008,0003,SULAWESI UTARA,KEPULAUAN SANGIHE,TAHUNA TIMUR,TONA II,RT 03 LINGKUNGAN 1,95815
7103110001000100,71,03,110,001,0001,SULAWESI UTARA,KEPULAUAN SANGIHE,KENDAHE,KENDAHE DUA,LINDONGAN 01,95852
7103060014000300,71,03,060,014,0003,SULAWESI UTARA,KEPULAUAN SANGIHE,TABUKAN SELATAN,LESABE,LINDONGAN 3,95858
7103060014000100,71,03,060,014,0001,SULAWESI UTARA,KEPULAUAN SANGIHE,TABUKAN SELATAN,LESABE,LINDONGAN 1,95858
7103060006000100,71,03,060,006,0001,SULAWESI UTARA,KEPULAUAN SANGIHE,TABUKAN SELATAN,MANDOI,LINDONGAN 1,95858
7103061001000300,71,03,061,001,0003,SULAWESI UTARA,KEPULAUAN SANGIHE,TABUKAN SELATAN TENGAH,LEHUPU,LINDONGAN 03,95859
7103091008000800,71,03,091,008,0008,SULAWESI UTARA,KEPULAUAN SANGIHE,TAHUNA TIMUR,TONA II,RT 08 LINGKUNGAN 3,95815
7103080017000200,71,03,080,017,0002,SULAWESI UTARA,KEPULAUAN SANGIHE,MANGANITU,TALOARANE I,LINDONGAN 02,95853
7103091008000600,71,03,091,008,0006,SULAWESI UTARA,KEPULAUAN SANGIHE,TAHUNA TIMUR,TONA II,RT 06 LINGKUNGAN 2,95815
7103040008000200,71,03,040,008,0002,SULAWESI UTARA,KEPULAUAN SANGIHE,MANGANITU SELATAN,NGALIPAENG SATU,LINDONGAN 2,95854
7103101004000100,71,03,101,004,0001,SULAWESI UTARA,KEPULAUAN SANGIHE,NUSA TABUKAN,BUKIDE TIMUR,LINDONGAN 001,95842
7103050005000300,71,03,050,005,0003,SULAWESI UTARA,KEPULAUAN SANGIHE,TAMAKO,PANANARU,LINDONGAN 03,95855
7103040008000100,71,03,040,008,0001,SULAWESI UTARA,KEPULAUAN SANGIHE,MANGANITU SELATAN,NGALIPAENG SATU,LINDONGAN 1,95854
7103080017000300,71,03,080,017,0003,SULAWESI UTARA,KEPULAUAN SANGIHE,MANGANITU,TALOARANE I,LINDONGAN 03,95853
7103040015000400,71,03,040,015,0004,SULAWESI UTARA,KEPULAUAN SANGIHE,MANGANITU SELATAN,PINDANG,LINDONGAN 4,95854
7103090011000700,71,03,090,011,0007,SULAWESI UTARA,KEPULAUAN SANGIHE,TAHUNA,SOATALOARA ll,RT 07 LINGKUNGAN 3,95813
7103100002000300,71,03,100,002,0003,SULAWESI UTARA,KEPULAUAN SANGIHE,TABUKAN UTARA,TAROLANG,LINDONGAN 03,95856
7103091008000400,71,03,091,008,0004,SULAWESI UTARA,KEPULAUAN SANGIHE,TAHUNA TIMUR,TONA II,RT 04 LINGKUNGAN 2,95815
7103050008000200,71,03,050,008,0002,SULAWESI UTARA,KEPULAUAN SANGIHE,TAMAKO,POKOL,LINDONGAN 02,95855
7103100002000100,71,03,100,002,0001,SULAWESI UTARA,KEPULAUAN SANGIHE,TABUKAN UTARA,TAROLANG,LINDONGAN 01,95856
7103050008000300,71,03,050,008,0003,SULAWESI UTARA,KEPULAUAN SANGIHE,TAMAKO,POKOL,LINDONGAN 03,95855
7103060010000300,71,03,060,010,0003,SULAWESI UTARA,KEPULAUAN SANGIHE,TABUKAN SELATAN,BINEBAS,LINDONGAN 3,95858
7103100003000200,71,03,100,003,0002,SULAWESI UTARA,KEPULAUAN SANGIHE,TABUKAN UTARA,TOLA,LINDONGAN 02,95856
7103080017000100,71,03,080,017,0001,SULAWESI UTARA,KEPULAUAN SANGIHE,MANGANITU,TALOARANE I,LINDONGAN 01,95853
7103092006000500,71,03,092,006,0005,SULAWESI UTARA,KEPULAUAN SANGIHE,TAHUNA BARAT,BEHA BARU,RT 05 LINGKUNGAN III,95815
7103101003200100,71,03,101,003,2001,SULAWESI UTARA,KEPULAUAN SANGIHE,NUSA TABUKAN,BUKIDE,PULAU LIANG,95842
7103050008000100,71,03,050,008,0001,SULAWESI UTARA,KEPULAUAN SANGIHE,TAMAKO,POKOL,LINDONGAN 01,95855
7103040015000300,71,03,040,015,0003,SULAWESI UTARA,KEPULAUAN SANGIHE,MANGANITU SELATAN,PINDANG,LINDONGAN 3,95854
7103090011001000,71,03,090,011,0010,SULAWESI UTARA,KEPULAUAN SANGIHE,TAHUNA,SOATALOARA ll,RT 10 LINGKUNGAN 4,95813
7103070012000100,71,03,070,012,0001,SULAWESI UTARA,KEPULAUAN SANGIHE,TABUKAN TENGAH,TARIANGBARU,LINDONGAN 1,95857
7103090011000400,71,03,090,011,0004,SULAWESI UTARA,KEPULAUAN SANGIHE,TAHUNA,SOATALOARA ll,RT 04 LINGKUNGAN 2,95813
7103091008000900,71,03,091,008,0009,SULAWESI UTARA,KEPULAUAN SANGIHE,TAHUNA TIMUR,TONA II,RT 09 LINGKUNGAN 3,95815
7103090011000900,71,03,090,011,0009,SULAWESI UTARA,KEPULAUAN SANGIHE,TAHUNA,SOATALOARA ll,RT 09 LINGKUNGAN 3,95813
7103100003000400,71,03,100,003,0004,SULAWESI UTARA,KEPULAUAN SANGIHE,TABUKAN UTARA,TOLA,LINDONGAN 04,95856
7103080013000100,71,03,080,013,0001,SULAWESI UTARA,KEPULAUAN SANGIHE,MANGANITU,TAWOALI,LINDONGAN 01,95853
7103070012000300,71,03,070,012,0003,SULAWESI UTARA,KEPULAUAN SANGIHE,TABUKAN TENGAH,TARIANGBARU,LINDONGAN 3,95857
7103060019000100,71,03,060,019,0001,SULAWESI UTARA,KEPULAUAN SANGIHE,TABUKAN SELATAN,BULO,LINDONGAN 1,95858
7103070012000200,71,03,070,012,0002,SULAWESI UTARA,KEPULAUAN SANGIHE,TABUKAN TENGAH,TARIANGBARU,LINDONGAN 2,95857
7103101003000300,71,03,101,003,0003,SULAWESI UTARA,KEPULAUAN SANGIHE,NUSA TABUKAN,BUKIDE,LINDONGAN 03,95842
7103092002000500,71,03,092,002,0005,SULAWESI UTARA,KEPULAUAN SANGIHE,TAHUNA BARAT,ANGGES,RT 05 LINGKUNGAN III,95817
7103040015000100,71,03,040,015,0001,SULAWESI UTARA,KEPULAUAN SANGIHE,MANGANITU SELATAN,PINDANG,LINDONGAN 1,95854
7103070015000300,71,03,070,015,0003,SULAWESI UTARA,KEPULAUAN SANGIHE,TABUKAN TENGAH,TIMBELANG,LINDONGAN 3,95857
7103060015000200,71,03,060,015,0002,SULAWESI UTARA,KEPULAUAN SANGIHE,TABUKAN SELATAN,BENTUNG,LINDONGAN 2,95858
7103100003000100,71,03,100,003,0001,SULAWESI UTARA,KEPULAUAN SANGIHE,TABUKAN UTARA,TOLA,LINDONGAN 01,95856
7103060006000300,71,03,060,006,0003,SULAWESI UTARA,KEPULAUAN SANGIHE,TABUKAN SELATAN,MANDOI,LINDONGAN 3,95858
7103091008000500,71,03,091,008,0005,SULAWESI UTARA,KEPULAUAN SANGIHE,TAHUNA TIMUR,TONA II,RT 05 LINGKUNGAN 2,95815
7103101005200100,71,03,101,005,2001,SULAWESI UTARA,KEPULAUAN SANGIHE,NUSA TABUKAN,NANUSA,PULAU POA,95842
7103110003000100,71,03,110,003,0001,SULAWESI UTARA,KEPULAUAN SANGIHE,KENDAHE,TALAWID,LINDONGAN 01,95852
7103050013000200,71,03,050,013,0002,SULAWESI UTARA,KEPULAUAN SANGIHE,TAMAKO,ULUNGPELIANG,LINDONGAN 02,95855
7103090011000600,71,03,090,011,0006,SULAWESI UTARA,KEPULAUAN SANGIHE,TAHUNA,SOATALOARA ll,RT 06 LINGKUNGAN 2,95813
7103100003000300,71,03,100,003,0003,SULAWESI UTARA,KEPULAUAN SANGIHE,TABUKAN UTARA,TOLA,LINDONGAN 03,95856
7103110006000200,71,03,110,006,0002,SULAWESI UTARA,KEPULAUAN SANGIHE,KENDAHE,MOHONGSAWANG,LINDONGAN 02,95852
7103100008000300,71,03,100,008,0003,SULAWESI UTARA,KEPULAUAN SANGIHE,TABUKAN UTARA,UTAURANO,LINDONGAN 03,95856
7103050013000100,71,03,050,013,0001,SULAWESI UTARA,KEPULAUAN SANGIHE,TAMAKO,ULUNGPELIANG,LINDONGAN 01,95855
7103070015000100,71,03,070,015,0001,SULAWESI UTARA,KEPULAUAN SANGIHE,TABUKAN TENGAH,TIMBELANG,LINDONGAN 1,95857
7103092006000300,71,03,092,006,0003,SULAWESI UTARA,KEPULAUAN SANGIHE,TAHUNA BARAT,BEHA BARU,RT 03 LINGKUNGAN II,95815
7103080013000300,71,03,080,013,0003,SULAWESI UTARA,KEPULAUAN SANGIHE,MANGANITU,TAWOALI,LINDONGAN 03,95853
7103041001000200,71,03,041,001,0002,SULAWESI UTARA,KEPULAUAN SANGIHE,TATOARENG,PARA,LINDONGAN 2,95851
7103090011001200,71,03,090,011,0012,SULAWESI UTARA,KEPULAUAN SANGIHE,TAHUNA,SOATALOARA ll,RT 12 LINGKUNGAN 4,95813
7103062003000100,71,03,062,003,0001,SULAWESI UTARA,KEPULAUAN SANGIHE,TABUKAN SELATAN TENGGARA,TUMALEDE,LINDONGAN 01,95850
7103062003000300,71,03,062,003,0003,SULAWESI UTARA,KEPULAUAN SANGIHE,TABUKAN SELATAN TENGGARA,TUMALEDE,LINDONGAN 03,95850
7103100008000100,71,03,100,008,0001,SULAWESI UTARA,KEPULAUAN SANGIHE,TABUKAN UTARA,UTAURANO,LINDONGAN 01,95856
7103070015000200,71,03,070,015,0002,SULAWESI UTARA,KEPULAUAN SANGIHE,TABUKAN TENGAH,TIMBELANG,LINDONGAN 2,95857
7103062003000200,71,03,062,003,0002,SULAWESI UTARA,KEPULAUAN SANGIHE,TABUKAN SELATAN TENGGARA,TUMALEDE,LINDONGAN 02,95850
7103060016000300,71,03,060,016,0003,SULAWESI UTARA,KEPULAUAN SANGIHE,TABUKAN SELATAN,SIMUENG,LINDONGAN 3,95858
7103110002000400,71,03,110,002,0004,SULAWESI UTARA,KEPULAUAN SANGIHE,KENDAHE,KENDAHE SATU,LINDONGAN 04,95852
7103050013000400,71,03,050,013,0004,SULAWESI UTARA,KEPULAUAN SANGIHE,TAMAKO,ULUNGPELIANG,LINDONGAN 04,95855
7103090011000800,71,03,090,011,0008,SULAWESI UTARA,KEPULAUAN SANGIHE,TAHUNA,SOATALOARA ll,RT 08 LINGKUNGAN 3,95813
7103040015000200,71,03,040,015,0002,SULAWESI UTARA,KEPULAUAN SANGIHE,MANGANITU SELATAN,PINDANG,LINDONGAN 2,95854
7103092003000500,71,03,092,003,0005,SULAWESI UTARA,KEPULAUAN SANGIHE,TAHUNA BARAT,MITUNG,RT 05 LINGKUNGAN III,95817
7103092003000300,71,03,092,003,0003,SULAWESI UTARA,KEPULAUAN SANGIHE,TAHUNA BARAT,MITUNG,RT 03 LINGKUNGAN II,95817
7103092006000700,71,03,092,006,0007,SULAWESI UTARA,KEPULAUAN SANGIHE,TAHUNA BARAT,BEHA BARU,RT 07 LINGKUNGAN III,95815
7103061002000300,71,03,061,002,0003,SULAWESI UTARA,KEPULAUAN SANGIHE,TABUKAN SELATAN TENGAH,TAMBUNG,LINDONGAN 03,95859
7103090011000100,71,03,090,011,0001,SULAWESI UTARA,KEPULAUAN SANGIHE,TAHUNA,SOATALOARA ll,RT 01 LINGKUNGAN 1,95813
7103041005000200,71,03,041,005,0002,SULAWESI UTARA,KEPULAUAN SANGIHE,TATOARENG,DALAKO BEMBANAHE,LINDONGAN 2,95851
7103101003000100,71,03,101,003,0001,SULAWESI UTARA,KEPULAUAN SANGIHE,NUSA TABUKAN,BUKIDE,LINDONGAN 01,95842
7103100008000200,71,03,100,008,0002,SULAWESI UTARA,KEPULAUAN SANGIHE,TABUKAN UTARA,UTAURANO,LINDONGAN 02,95856
7103100008000500,71,03,100,008,0005,SULAWESI UTARA,KEPULAUAN SANGIHE,TABUKAN UTARA,UTAURANO,LINDONGAN 05,95856
7103100008000400,71,03,100,008,0004,SULAWESI UTARA,KEPULAUAN SANGIHE,TABUKAN UTARA,UTAURANO,LINDONGAN 04,95856
7103040009000300,71,03,040,009,0003,SULAWESI UTARA,KEPULAUAN SANGIHE,MANGANITU SELATAN,SOWAENG,LINDONGAN 3,95854
7103040009000100,71,03,040,009,0001,SULAWESI UTARA,KEPULAUAN SANGIHE,MANGANITU SELATAN,SOWAENG,LINDONGAN 1,95854
7103050013200100,71,03,050,013,2001,SULAWESI UTARA,KEPULAUAN SANGIHE,TAMAKO,ULUNGPELIANG,HUTAN LINDUNG,95855
7103050013000300,71,03,050,013,0003,SULAWESI UTARA,KEPULAUAN SANGIHE,TAMAKO,ULUNGPELIANG,LINDONGAN 03,95855
7103080013000200,71,03,080,013,0002,SULAWESI UTARA,KEPULAUAN SANGIHE,MANGANITU,TAWOALI,LINDONGAN 02,95853
7103090011000500,71,03,090,011,0005,SULAWESI UTARA,KEPULAUAN SANGIHE,TAHUNA,SOATALOARA ll,RT 05 LINGKUNGAN 2,95813
7103040009000200,71,03,040,009,0002,SULAWESI UTARA,KEPULAUAN SANGIHE,MANGANITU SELATAN,SOWAENG,LINDONGAN 2,95854